,price_BTC,24% change_BTC,price_chainlink,24% change_chainlink,price_ETH,24% change ETH_ETH,price_ADA,24% change ETH_ADA
2018-12-20,3687.750553192723,0.0,0.28944634342405773,0.0,99.49155365807758,0.0,0.03489706297044245,0.0
2018-12-21,4065.097238010126,9.28,0.33274892024766234,13.01,114.42918370038834,13.05,0.038880258550837106,10.24
2018-12-22,3846.2274979885774,-5.69,0.2910450070633232,-14.33,107.85318110517642,-6.1,0.040443056235332085,3.86
2018-12-23,3960.567773408038,2.89,0.301470256197297,3.46,115.04582181530175,6.25,0.041620704573098605,2.83
2018-12-24,3941.617740158326,-0.48,0.30555860140463786,1.34,129.20650341412852,10.96,0.043796083218113305,4.97
2018-12-25,4021.990255345401,2.0,0.308119676447399,0.83,138.95781833191495,7.02,0.04530232759282666,3.32
2018-12-26,3759.1784268965694,-6.99,0.3152939517243719,2.28,127.63707252348217,-8.87,0.04075683695477003,-11.15
2018-12-27,3781.613081593353,0.59,0.30105777804489164,-4.73,129.51137399263007,1.45,0.0404774869069017,-0.69
2018-12-28,3587.703880138819,-5.4,0.27452617702647997,-9.66,114.1013635506553,-13.51,0.03724446267429322,-8.68
2018-12-29,3854.4210969825917,6.92,0.2941274581073028,6.66,134.01993952035144,14.86,0.0408637637558495,8.86
2018-12-30,3778.193939889601,-2.02,0.29757073793532957,1.16,138.75426661197633,3.41,0.040636750273385924,-0.56
2018-12-31,3809.7282286410905,0.83,0.3032791650161079,1.88,137.6316929791457,-0.82,0.04273842127976908,4.92
2019-01-01,3692.5315655246986,-3.17,0.2954913178380225,-2.64,131.45872465603802,-4.7,0.04053717973025967,-5.43
2019-01-02,3794.2642537397164,2.68,0.3063313882301748,3.54,138.14480220535194,4.84,0.041910239396512214,3.28
2019-01-03,3872.1721842228935,2.01,0.33128448872251953,7.53,152.86045271321305,9.63,0.044714509043112735,6.27
2019-01-04,3776.525807694106,-2.53,0.3579575103890106,7.45,146.7305994341217,-4.18,0.042006788207089134,-6.45
2019-01-05,3815.268079882635,1.02,0.42705575964309217,16.18,153.0565669307744,4.13,0.04325351367613107,2.88
2019-01-06,3787.3078571242845,-0.74,0.39350642259407076,-8.53,153.65187149457,0.39,0.0442038245126525,2.15
2019-01-07,4013.5200912973864,5.64,0.3952716206872071,0.45,154.69930839905126,0.68,0.048449481006463485,8.76
2019-01-08,3989.6687175387638,-0.6,0.37223189374469684,-6.19,149.89869762072908,-3.2,0.04738809952272824,-2.24
2019-01-09,3973.5912546157865,-0.4,0.413585880193765,10.0,148.14786553107623,-1.18,0.04783211259907341,0.93
2019-01-10,3982.2259127624075,0.22,0.39378953563857466,-5.03,148.7388798515161,0.4,0.051379342496223404,6.9
2019-01-11,3623.8477291056797,-9.89,0.35246346326642763,-11.72,126.62475249770274,-17.46,0.043960678498555436,-16.88
2019-01-12,3632.849306434781,0.25,0.4317377349034877,18.36,124.6267970725248,-1.6,0.04333920017054309,-1.43
2019-01-13,3598.4363465618803,-0.96,0.40177752846717024,-7.46,123.75936261029351,-0.7,0.043068001139726815,-0.63
2019-01-14,3495.832311307438,-2.94,0.44288532560177163,9.28,114.76604584662175,-7.84,0.03957068318789578,-8.84
2019-01-15,3648.04828565649,4.17,0.47754577316869523,7.26,127.40527329081972,9.92,0.0434219696959126,8.87
2019-01-16,3567.801243199206,-2.25,0.5052177589075403,5.48,119.81437324652917,-6.34,0.042207064638792174,-2.88
2019-01-17,3597.6473233295915,0.83,0.49123008251247313,-2.85,122.24553850486993,1.99,0.04412438875413042,4.35
2019-01-18,3620.9812811457246,0.64,0.4766020502870565,-3.07,121.92726666997898,-0.26,0.044726995298034124,1.35
2019-01-19,3597.7932517701506,-0.64,0.4911130713026662,2.95,119.1707391686563,-2.31,0.043734276708546016,-2.27
2019-01-20,3674.587270857304,2.09,0.47956116104535323,-2.41,122.92817578942176,3.06,0.045107177036213794,3.04
2019-01-21,3539.167531041029,-3.83,0.4780090249370043,-0.32,117.6078729013454,-4.52,0.04291945917606513,-5.1
2019-01-22,3531.004182799933,-0.23,0.4930487961049628,3.05,115.82686433322588,-1.54,0.04253299294949234,-0.91
2019-01-23,3571.2669080928695,1.13,0.5317206287299757,7.27,117.81718880676009,1.69,0.043256168194204705,1.67
2019-01-24,3555.7000025226243,-0.44,0.5015124072478779,-6.02,116.41601969858114,-1.2,0.04262165617995168,-1.49
2019-01-25,3565.6420046170365,0.28,0.4929475363447304,-1.74,116.24543567436463,-0.15,0.04270620306303482,0.2
2019-01-26,3564.822417111422,-0.02,0.4684216454768547,-5.24,115.14990605895021,-0.95,0.04237534999054085,-0.78
2019-01-27,3563.614563419144,-0.03,0.46598022590195226,-0.52,115.33716687142687,0.16,0.04240053908890404,0.06
2019-01-28,3553.121681129778,-0.3,0.4320748421539529,-7.85,112.51348924314217,-2.51,0.04091752179586894,-3.62
2019-01-29,3432.215668301249,-3.52,0.4087654292330289,-5.7,105.35239189764611,-6.8,0.038450036346304554,-6.42
2019-01-30,3413.3754832497975,-0.55,0.45350534136512816,9.87,104.59784628074063,-0.72,0.037970569740954696,-1.26
2019-01-31,3457.8826491759864,1.29,0.42225059288197914,-7.4,108.27309466982854,3.39,0.03941612181087784,3.67
2019-02-01,3431.943637864456,-0.76,0.38535030166835516,-9.58,106.33599581366398,-1.82,0.0381578928586053,-3.3
2019-02-02,3464.490147562154,0.94,0.4161054702597925,7.39,107.00955827242754,0.63,0.03865298497888374,1.28
2019-02-03,3486.581616258029,0.63,0.4112034510948895,-1.19,108.77817692653159,1.63,0.039022422639798875,0.95
2019-02-04,3454.025843825187,-0.94,0.39665511900041894,-3.67,107.19999697185268,-1.47,0.038074529529785385,-2.49
2019-02-05,3464.003508861087,0.29,0.3996599013662211,0.75,107.61824539435413,0.39,0.03795520809563006,-0.31
2019-02-06,3469.8946770792636,0.17,0.42229685002151446,5.36,107.31703853339418,-0.28,0.03796273403077448,0.02
2019-02-07,3405.836861256719,-1.88,0.397800999974327,-6.16,104.62362623241391,-2.57,0.03672597403660614,-3.37
2019-02-08,3394.0146529587223,-0.35,0.40192316877653506,1.03,104.26536439234141,-0.34,0.03641189129105194,-0.86
2019-02-09,3664.2821026589836,7.38,0.4349767629723635,7.6,119.33360463375858,12.63,0.04073183881352222,10.61
2019-02-10,3667.4082642899566,0.09,0.4625530761153885,5.96,119.48955517293045,0.13,0.04117567943100289,1.08
2019-02-11,3675.6916291247258,0.23,0.4508368469926506,-2.6,124.88963479029995,4.32,0.04270330084709114,3.58
2019-02-12,3631.444539729949,-1.22,0.42930570546611085,-5.02,120.97026174727318,-3.24,0.04164329464144184,-2.55
2019-02-13,3633.9650467461183,0.07,0.4285050355678923,-0.19,122.54208894762355,1.28,0.04172181557351035,0.19
2019-02-14,3610.0622730634022,-0.66,0.44701451378077833,4.14,122.09412965721424,-0.37,0.041045902974213205,-1.65
2019-02-15,3589.661829626318,-0.57,0.42935996688183903,-4.11,120.59217399552682,-1.25,0.04037234090922349,-1.67
2019-02-16,3601.2291913968643,0.32,0.43732956581371596,1.82,121.57227847601175,0.81,0.04043927844402389,0.17
2019-02-17,3622.5916530750715,0.59,0.4392184795959137,0.43,122.93860835926709,1.11,0.0410041782714106,1.38
2019-02-18,3665.075530800723,1.16,0.4620814406784455,4.95,133.88146961685993,8.17,0.04153294922863323,1.27
2019-02-19,3886.5202004751386,5.7,0.4717335924206987,2.05,145.32602670603126,7.88,0.045359194699420416,8.44
2019-02-20,3915.0099712770552,0.73,0.45652111348426383,-3.33,143.65523417640586,-1.16,0.04590089299360815,1.18
2019-02-21,3976.808906528991,1.55,0.46306667355308345,1.41,148.8684346762975,3.5,0.047322543862064186,3.0
2019-02-22,3934.813593894817,-1.07,0.4432728852437847,-4.47,145.2958232437471,-2.46,0.04482964754399028,-5.56
2019-02-23,3973.6413227746357,0.98,0.44883873455708645,1.24,148.04165031619752,1.85,0.045833681237147136,2.19
2019-02-24,4115.3379267876635,3.44,0.4589603020336277,2.21,157.67559560191677,6.11,0.048239797901670274,4.99
2019-02-25,3742.868946700387,-9.95,0.4050127574250096,-13.32,134.31602869596247,-17.39,0.04198105629365478,-14.91
2019-02-26,3824.683504217102,2.14,0.45963740326061453,11.88,137.8218665264574,2.54,0.04351453363655395,3.52
2019-02-27,3809.209774682024,-0.41,0.4323104328554138,-6.32,135.99783785109707,-1.34,0.04286059311554926,-1.53
2019-02-28,3813.377891881294,0.11,0.4276740302923696,-1.08,134.84981713392082,-0.85,0.043024207886110166,0.38
2019-03-01,3815.6076075249844,0.06,0.4240703181962114,-0.85,135.4906837644075,0.47,0.0427940036698597,-0.54
2019-03-02,3815.753939922755,0.0,0.4286889941102943,1.08,134.95470877409352,-0.4,0.04291005176079204,0.27
2019-03-03,3819.645730582585,0.1,0.42373803270534477,-1.17,132.40742658761687,-1.92,0.04231627585657275,-1.4
2019-03-04,3806.9542737979564,-0.33,0.4196237381392348,-0.98,130.5403477406027,-1.43,0.04201086477264025,-0.73
2019-03-05,3712.812457297799,-2.54,0.40279968058260635,-4.18,125.6240824924571,-3.91,0.040182274659520956,-4.55
2019-03-06,3852.461665785486,3.62,0.4283109751868319,5.96,136.5502476885833,8.0,0.04280345334761144,6.12
2019-03-07,3860.510762380684,0.21,0.42858150864247013,0.06,137.32665152792868,0.57,0.042503620209921135,-0.71
2019-03-08,3871.637247965991,0.29,0.45336791500798523,5.47,136.78614228385894,-0.4,0.04264895995597255,0.34
2019-03-09,3861.879307396147,-0.25,0.4630102007355852,2.08,133.5416931933968,-2.43,0.04237602610973909,-0.64
2019-03-10,3941.600873271771,2.02,0.4758257866846512,2.69,137.1960003042231,2.66,0.04664873112557521,9.16
2019-03-11,3923.559788806432,-0.46,0.500520485997817,4.93,135.62080210154824,-1.16,0.04552295642231725,-2.47
2019-03-12,3860.3592300287123,-1.64,0.46273227444908266,-8.17,132.38753404384025,-2.44,0.047349574427912836,3.86
2019-03-13,3876.480852754649,0.42,0.4868647028975781,4.96,133.28742563523164,0.68,0.047212017798664206,-0.29
2019-03-14,3865.817782663389,-0.28,0.48213875408940304,-0.98,131.6683444532404,-1.23,0.046196136347646,-2.2
2019-03-15,3876.6987080329527,0.28,0.4862303393947345,0.84,132.14623792639355,0.36,0.0476159484384536,2.98
2019-03-16,3925.460579704576,1.24,0.4870303309514424,0.16,136.4478648131974,3.15,0.0498118734459803,4.41
2019-03-17,4007.709463818873,2.05,0.4796345700935913,-1.54,141.08804416286097,3.29,0.05123326136809728,2.77
2019-03-18,3980.9901047320204,-0.67,0.4780431690325005,-0.33,138.55063028189403,-1.83,0.049687912732741646,-3.11
2019-03-19,3986.7068940461468,0.14,0.47624309155155103,-0.38,137.65794893090973,-0.65,0.05003314173793385,0.69
2019-03-20,4013.5769693454813,0.67,0.4758473875634522,-0.08,138.5225166550466,0.62,0.05194287271907531,3.68
2019-03-21,4045.57263350974,0.79,0.4822992042704502,1.34,139.0759731796369,0.4,0.05328881287797866,2.53
2019-03-22,3983.317781297362,-1.56,0.4579443797968468,-5.32,135.05601072736965,-2.98,0.05264299957221896,-1.23
2019-03-23,3989.1584912154526,0.15,0.46238601420761655,0.96,136.0995360201361,0.77,0.05776827754707397,8.87
2019-03-24,4008.945386314754,0.49,0.46041085436881113,-0.43,137.19806866408575,0.8,0.06348656329448774,9.01
2019-03-25,3993.394900459549,-0.39,0.45463306590861136,-1.27,136.05748300079634,-0.84,0.06111843712286233,-3.87
2019-03-26,3927.577296521434,-1.68,0.4712742663161776,3.53,133.8175199792062,-1.67,0.05863798895956996,-4.23
2019-03-27,3938.659743156943,0.28,0.45741171969826006,-3.03,134.02990438257248,0.16,0.06146601026725826,4.6
2019-03-28,4036.1609179207603,2.42,0.4911939005152381,6.88,139.63660664431762,4.02,0.0669930164042461,8.25
2019-03-29,4028.3913011796208,-0.19,0.4985679830477729,1.48,137.81198852309657,-1.32,0.06558512610094981,-2.15
2019-03-30,4103.322859513963,1.83,0.49966366476603075,0.22,143.14644309796884,3.73,0.07190924159012249,8.79
2019-03-31,4103.856421333923,0.01,0.4950738323823073,-0.93,142.28965262894044,-0.6,0.0718131848611085,-0.13
2019-04-01,4103.521738549332,-0.01,0.506652075736794,2.29,141.586389044902,-0.5,0.06998460362244281,-2.61
2019-04-02,4146.321927706636,1.03,0.5523472230717034,8.27,141.51455520152766,-0.05,0.07233213261115524,3.25
2019-04-03,4862.230427766917,14.72,0.5821712017725291,5.12,164.05054289558294,13.74,0.08463494115696912,14.54
2019-04-04,4955.831824018296,1.89,0.566316895724921,-2.8,160.43283831978377,-2.25,0.09065628317907007,6.64
2019-04-05,4899.021553783287,-1.16,0.5407839953950567,-4.72,157.41222580794496,-1.92,0.08718280804784825,-3.98
2019-04-06,5014.955826888765,2.31,0.5746127466837315,5.89,165.1385234713877,4.68,0.0903108762955433,3.46
2019-04-07,5041.869075888309,0.53,0.5689071390958422,-1.0,165.32515186458005,0.11,0.08986922412068711,-0.49
2019-04-08,5176.97788362072,2.61,0.5757766082208013,1.19,174.09052297795662,5.03,0.09008149256440293,0.24
2019-04-09,5266.89477647303,1.71,0.5674672023172176,-1.46,180.01192355336678,3.29,0.08667610282028956,-3.93
2019-04-10,5172.1752647597095,-1.83,0.5338783080912198,-6.29,175.2941224274854,-2.69,0.0833658930679053,-3.97
2019-04-11,5308.905683164441,2.58,0.5206328433463108,-2.54,177.3253178087243,1.15,0.08963847209899002,7.0
2019-04-12,5047.79316241402,-5.17,0.48851514743105634,-6.57,165.03710682659573,-7.45,0.083087429544778,-7.88
2019-04-13,5082.46515242293,0.68,0.4947719462295909,1.26,164.57194837218958,-0.28,0.08313497519987623,0.06
2019-04-14,5072.987191337883,-0.19,0.5355994199167019,7.62,163.97160033492332,-0.37,0.08340401487900027,0.32
2019-04-15,5149.314492798127,1.48,0.5266331438299464,-1.7,167.61800117879454,2.18,0.0842716755681566,1.03
2019-04-16,5039.881017404402,-2.17,0.4954909384735199,-6.29,160.53249078494966,-4.41,0.0822093907922131,-2.51
2019-04-17,5213.598376962082,3.33,0.5022721494733272,1.35,166.4845378681717,3.58,0.0833068860736983,1.32
2019-04-18,5218.957150384528,0.1,0.4999978414341732,-0.45,166.3272646030099,-0.09,0.08273543972357907,-0.69
2019-04-19,5274.767013336503,1.06,0.521843547673393,4.19,173.41362781077277,4.09,0.08150942908991061,-1.5
2019-04-20,5280.354444383007,0.11,0.5144824513025928,-1.43,173.2282621688014,-0.11,0.07928140860058422,-2.81
2019-04-21,5307.689183437135,0.52,0.5144083177865925,-0.01,173.16628767058037,-0.04,0.07620388916648492,-4.04
2019-04-22,5311.164840299274,0.07,0.49919622930938345,-3.05,169.98788930945395,-1.87,0.07400007419762919,-2.98
2019-04-23,5380.935789575588,1.3,0.49527622164642854,-0.79,171.0434707895899,0.62,0.07773104790704922,4.8
2019-04-24,5557.9257276108365,3.18,0.48247033650306376,-2.65,170.91296418483168,-0.08,0.07428220003309263,-4.64
2019-04-25,5452.101753394462,-1.94,0.47534313098088515,-1.5,165.66966005027155,-3.16,0.07204967731426073,-3.1
2019-04-26,5203.088598730703,-4.79,0.44737913900338044,-6.25,153.9304406219976,-7.63,0.06932955522517145,-3.92
2019-04-27,5295.847320048228,1.75,0.4410946703232391,-1.42,157.3757012457437,2.19,0.06959276929127914,0.38
2019-04-28,5256.977802474059,-0.74,0.4413749148443776,0.06,158.28919434200932,0.58,0.07020555721853701,0.87
2019-04-29,5257.803249232503,0.02,0.4471193428030698,1.28,156.5951891487867,-1.08,0.06851306016046815,-2.47
2019-04-30,5199.755008563461,-1.12,0.42965828961507935,-4.06,154.08028243009934,-1.63,0.06426312529200742,-6.61
2019-05-01,5292.803974562054,1.76,0.4658242536332282,7.76,160.74469184721738,4.15,0.06964711759309929,7.73
2019-05-02,5354.5868001739655,1.15,0.4712846516840772,1.16,159.48931440238658,-0.79,0.06844357294352638,-1.76
2019-05-03,5450.706620486424,1.76,0.4605753626775183,-2.33,160.95718796104512,0.91,0.06804867526911326,-0.58
2019-05-04,5731.493099606555,4.9,0.5088473312517859,9.49,166.63211526803485,3.41,0.0693618734726555,1.89
2019-05-05,5803.943309048437,1.25,0.495584354809408,-2.68,162.83631690744346,-2.33,0.06663279634430587,-4.1
2019-05-06,5749.323780460327,-0.95,0.5050699179091775,1.88,162.37013497277283,-0.29,0.06568076635005264,-1.45
2019-05-07,5715.7571359661015,-0.59,0.5722191655734097,11.73,172.8283284518378,6.05,0.06645168351622693,1.16
2019-05-08,5841.053771273751,2.15,0.5556939518739049,-2.97,170.09589748059332,-1.61,0.0638828510767421,-4.02
2019-05-09,5957.856732858399,1.96,0.5899874744108914,5.81,170.11063311538186,0.01,0.06421839008952013,0.52
2019-05-10,6168.268996398258,3.41,0.6375625286053106,7.46,170.57549417946805,0.27,0.06168351334394121,-4.11
2019-05-11,6370.233758607852,3.17,0.6761047030255676,5.7,172.68209089135948,1.22,0.06324257620231455,2.47
2019-05-12,7258.261280655222,12.23,0.6943876349972975,2.63,196.6901677286205,12.21,0.07662815060831381,17.47
2019-05-13,6953.75138858638,-4.38,0.6597604025246278,-5.25,187.2720183708742,-5.03,0.06998553730333094,-9.49
2019-05-14,7805.98164948938,10.92,0.6496900903512588,-1.55,196.0761130134244,4.49,0.0729188424039989,4.02
2019-05-15,7990.055553534356,2.3,0.8303956841961554,21.76,218.28460968764938,10.17,0.0842992511424277,13.5
2019-05-16,8192.223138952013,2.47,0.8447473817524713,1.7,248.74500426984366,12.25,0.09490714707281114,11.18
2019-05-17,7875.913199526066,-4.02,0.9257334270093475,8.75,264.90012138907406,6.1,0.08817205417938961,-7.64
2019-05-18,7343.371457162994,-7.25,0.8946267122273555,-3.48,243.57049917993308,-8.76,0.08315183194070046,-6.04
2019-05-19,7300.655158341227,-0.59,0.9430464385065769,5.13,235.32720134101993,-3.5,0.07927511271011549,-4.89
2019-05-20,8168.730689783752,10.63,0.9920884732186352,4.94,260.59698403060327,9.7,0.08667775721710332,8.54
2019-05-21,7976.851712899625,-2.41,1.1161517848090823,11.12,251.9614994995826,-3.43,0.08477263112528466,-2.25
2019-05-22,7958.365526075088,-0.23,1.1887263300600772,6.11,256.0830401834705,1.61,0.08450471939881433,-0.32
2019-05-23,7665.79685383355,-3.82,1.2440325634749698,4.45,244.54946301361036,-4.72,0.07812899993928989,-8.16
2019-05-24,7861.812792465447,2.49,1.3355641714461512,6.85,244.6460957973966,0.04,0.08013828248154231,2.51
2019-05-25,7977.244882467973,1.45,1.3146540972156382,-1.59,248.54526290535333,1.57,0.08049302480012858,0.44
2019-05-26,8037.627431860584,0.75,1.1174057059163736,-17.65,250.82036469745617,0.91,0.08020426974110459,-0.36
2019-05-27,8631.080577844017,6.88,1.0826096450615947,-3.21,266.12218207843597,5.75,0.08570334044232883,6.42
2019-05-28,8816.03391493351,2.1,1.201355430520688,9.88,273.40508817754096,2.66,0.091890182252933,6.73
2019-05-29,8726.978110456395,-1.02,1.2898228711195583,6.86,271.227867157993,-0.8,0.09293566203101727,1.12
2019-05-30,8650.677405968292,-0.88,1.1730143875025707,-9.96,268.7857564563058,-0.91,0.09093447333769593,-2.2
2019-05-31,8310.891063057417,-4.09,1.012296684782962,-15.88,255.37736314606394,-5.25,0.08489877008479199,-7.11
2019-06-01,8575.646353354166,3.09,1.0200869064024831,0.76,268.12603920482644,4.75,0.08979294565729191,5.45
2019-06-02,8554.261728092017,-0.25,0.9590327197829206,-6.37,264.72732428744166,-1.28,0.09065882062958135,0.96
2019-06-03,8743.705469134235,2.17,1.02373218542277,6.32,269.9388294795906,1.93,0.09637887919860315,5.93
2019-06-04,8173.632761796738,-6.97,0.9131369169184533,-12.11,251.75257532903564,-7.22,0.08882487557068913,-8.5
2019-06-05,7683.636261419786,-6.38,0.8790749866503261,-3.87,240.23943365820054,-4.79,0.08237800551134446,-7.83
2019-06-06,7812.44885473215,1.65,1.0809376680989091,18.67,246.82656909017393,2.67,0.08323726564165126,1.03
2019-06-07,7821.123897094859,0.11,1.1291275217247938,4.27,249.9679117723965,1.26,0.08386004978995357,0.74
2019-06-08,8036.108159122215,2.68,1.187184275372041,4.89,250.63689323005363,0.27,0.08577380440177361,2.23
2019-06-09,7942.539284064289,-1.18,1.1496312142262195,-3.27,244.62980571926562,-2.46,0.08430244019725254,-1.75
2019-06-10,7668.029627860183,-3.58,1.060697457754789,-8.38,232.04158416760484,-5.42,0.07925054084194963,-6.37
2019-06-11,8002.729982894047,4.18,1.194443971618491,11.2,247.25227622797598,6.15,0.08544881369479573,7.25
2019-06-12,7897.975476598364,-1.33,1.1336918226834096,-5.36,245.08937853941526,-0.88,0.08787378295983746,2.76
2019-06-13,8145.05909812096,3.03,1.1409350143787533,0.63,260.5666340627198,5.94,0.09619876111923988,8.65
2019-06-14,8227.625725590904,1.0,1.8366071279778158,37.88,255.1204266417473,-2.13,0.0898343994124557,-7.08
2019-06-15,8671.505388660793,5.12,1.63236725398175,-12.51,263.92853843827874,3.34,0.09027318734323488,0.49
2019-06-16,8818.609506932296,1.67,1.7266371555081024,5.46,268.1121928964469,1.56,0.09151425248161667,1.36
2019-06-17,8978.77258780693,1.78,1.6623621674541886,-3.87,269.0716935274996,0.36,0.09224850135138556,0.8
2019-06-18,9312.868294808708,3.59,1.963237763501175,15.33,273.12368845247914,1.48,0.09313824629824667,0.96
2019-06-19,9094.021746079217,-2.41,1.8195727640773744,-7.9,264.78793107969506,-3.15,0.08958593604707549,-3.97
2019-06-20,9285.928674251472,2.07,1.8392616605124423,1.07,269.1527997781388,1.62,0.0901607430598065,0.64
2019-06-21,9548.31456526146,2.75,1.7631963809450761,-4.31,272.334690986303,1.17,0.08835758815796697,-2.04
2019-06-22,10118.359455626854,5.63,1.7029574651314463,-3.54,294.47562296593696,7.52,0.08948493917904113,1.26
2019-06-23,10704.922148115673,5.48,1.8430658406117417,7.6,310.65499867231955,5.21,0.09439321272883437,5.2
2019-06-24,10846.12509964766,1.3,1.8262226340656447,-0.92,307.9472102635873,-0.88,0.09652528310575355,2.21
2019-06-25,11045.550419814825,1.81,1.867875925818243,2.23,311.06822902414945,1.0,0.09768652420302633,1.19
2019-06-26,11808.419904075861,6.46,2.195210279387295,14.91,318.635944657736,2.38,0.09675059527699448,-0.97
2019-06-27,12996.124342788677,9.14,2.2674121388379613,3.18,337.3409578098138,5.54,0.09787657906455512,1.15
2019-06-28,11178.682998186501,-16.26,2.2803533656606607,0.57,295.8416528876357,-14.03,0.08638225407864202,-13.31
2019-06-29,12352.19686591269,9.5,3.040249344186508,24.99,309.949031472406,4.55,0.08904612991804452,2.99
2019-06-30,11972.555667220913,-3.17,3.8016083396388924,20.03,321.43279903776084,3.57,0.09045972143967372,1.56
2019-07-01,10888.097181679726,-9.96,3.413533739210506,-11.37,292.83887601724456,-9.76,0.08330828430155335,-8.58
2019-07-02,10639.046292232071,-2.34,3.600952939667723,5.2,295.2558980709613,0.82,0.08367770186140709,0.44
2019-07-03,10822.764178376405,1.7,3.7435001471040374,3.81,290.9596721071729,-1.48,0.08088485355829379,-3.45
2019-07-04,11975.637393818817,9.63,3.5300369751065306,-6.05,304.1705424011823,4.34,0.0827285980601328,2.23
2019-07-05,11229.60561912491,-6.64,3.490042476624885,-1.15,285.2194708797813,-6.64,0.07890517120127188,-4.85
2019-07-06,10987.248856214646,-2.21,3.6921077800615745,5.47,287.98591058443674,0.96,0.07634163132587295,-3.36
2019-07-07,11279.476377672418,2.59,3.477499917417069,-6.17,289.57713834106636,0.55,0.0774725854156618,1.46
2019-07-08,11436.430746923896,1.37,3.2931555940936614,-5.6,305.33625290070216,5.16,0.0797018230848796,2.8
2019-07-09,12260.28269787262,6.72,3.3387141407490444,1.36,312.4663688290414,2.28,0.08030358304095145,0.75
2019-07-10,12544.167261709219,2.26,3.0808281716566865,-8.37,307.7796837520068,-1.52,0.07795321597659362,-3.02
2019-07-11,12166.398288868606,-3.11,3.131414340362042,1.62,290.009967157574,-6.13,0.07189336539178602,-8.43
2019-07-12,11385.060490564521,-6.86,2.796385211797692,-11.98,268.6352130477999,-7.96,0.06512761424817616,-10.39
2019-07-13,11804.562793905448,3.55,3.1780872252178516,12.01,275.80920843487644,2.6,0.06954524921824569,6.35
2019-07-14,11418.511855491488,-3.38,3.1810817479052402,0.09,270.314761247692,-2.03,0.0671818241171605,-3.52
2019-07-15,10285.461109066944,-11.02,2.7903953336269556,-14.0,227.12207268042678,-19.02,0.059465709066443745,-12.98
2019-07-16,10911.345158309634,5.74,2.7210987288631827,-2.55,230.18019411198864,1.33,0.05863966042805709,-1.41
2019-07-17,9538.827124243868,-14.39,2.209900045342796,-23.13,199.94052185387875,-15.12,0.05211358082184511,-12.52
2019-07-18,9657.303101319074,1.23,2.3976923304092645,7.83,210.83853712737297,5.17,0.05493991661707475,5.14
2019-07-19,10636.155728360647,9.2,2.6684619350825614,10.15,226.3035342868679,6.83,0.05871637584718182,6.43
2019-07-20,10536.565849576118,-0.95,2.6000428207461104,-2.63,221.11374095039795,-2.35,0.05984256605352769,1.88
2019-07-21,10774.281137633849,2.21,2.6447302995654933,1.69,228.96480408491627,3.43,0.06302395606080853,5.05
2019-07-22,10607.463560702123,-1.57,2.5405587350192698,-4.1,226.15340772656594,-1.24,0.0613127189305356,-2.79
2019-07-23,10343.318139598357,-2.55,2.4113232546051497,-5.36,217.65256165832335,-3.91,0.059987636321957,-2.21
2019-07-24,9936.380762347033,-4.1,2.3740593969800363,-1.57,213.5021516080946,-1.94,0.05569322641705192,-7.71
2019-07-25,9799.306312967936,-1.4,2.407359413217718,1.38,217.19777774847861,1.7,0.05639702721053328,1.25
2019-07-26,9878.23193291115,0.8,2.3790748924140668,-1.19,219.48779097276912,1.04,0.05835217463636584,3.35
2019-07-27,9845.999447078504,-0.33,2.4000949645267404,0.88,219.58243262777626,0.04,0.06260967964699526,6.8
2019-07-28,9447.678401413306,-4.22,2.232822723205412,-7.49,206.531772895918,-6.32,0.059851847667587756,-4.61
2019-07-29,9534.755426833233,0.91,2.210964692231639,-0.99,211.229753661743,2.22,0.05944367244740904,-0.69
2019-07-30,9510.593552181648,-0.25,2.1349502980828783,-3.56,210.82351650905207,-0.19,0.06033420796318712,1.48
2019-07-31,9568.437452164315,0.6,2.085211367692082,-2.39,209.64626074112806,-0.56,0.05983312840110228,-0.84
2019-08-01,10062.996285663326,4.91,2.202549056724166,5.33,218.61308553620958,4.1,0.06397879826804305,6.48
2019-08-02,10361.312000080692,2.88,2.1687646375135614,-1.56,216.630420657716,-0.92,0.05859755915864751,-9.18
2019-08-03,10529.171907427639,1.59,2.4235995281375695,10.51,217.79546207706508,0.53,0.0576035980944542,-1.73
2019-08-04,10791.200523159,2.43,2.420537174569688,-0.13,221.41611875255478,1.64,0.05758269576495487,-0.04
2019-08-05,10951.593834840049,1.46,2.5053389504583072,3.38,221.98815294300547,0.26,0.05620108209471885,-2.46
2019-08-06,11818.525531066103,7.34,2.4755708982196167,-1.2,232.82368350463972,4.65,0.056482892795423685,0.5
2019-08-07,11510.164154730011,-2.68,2.4667718163851995,-0.36,227.02071107575,-2.56,0.053764486901642504,-5.06
2019-08-08,11970.657556451994,3.85,2.3783151940035885,-3.72,226.4011931773696,-0.27,0.05187000851972036,-3.65
2019-08-09,12024.331570998236,0.45,2.2879907536705284,-3.95,221.99588620712112,-1.98,0.05251300080311549,1.22
2019-08-10,11852.561606995518,-1.45,2.1664214848852095,-5.61,210.15361895773407,-5.64,0.04760844579940038,-10.3
2019-08-11,11327.842642233223,-4.63,2.340580782200766,7.44,206.50462546838185,-1.77,0.051977493522885866,8.41
2019-08-12,11549.998354322472,1.92,2.4008203959946934,2.51,216.4855805517722,4.61,0.055142333964456,5.74
2019-08-13,11381.241355678554,-1.48,2.3761743643881887,-1.04,211.11314126304725,-2.54,0.05296431927823547,-4.11
2019-08-14,10903.6549918801,-4.38,2.420495300061172,1.83,209.26573714761406,-0.88,0.05288183699309247,-0.16
2019-08-15,10016.217389275296,-8.86,2.277752274442052,-6.27,185.65530058955875,-12.72,0.046872256846815896,-12.82
2019-08-16,10295.87714290961,2.72,2.4230464694438836,6.0,188.15278116773473,1.33,0.04754609016915611,1.42
2019-08-17,10324.993597415598,0.28,2.3100946388110843,-4.89,185.15324355177958,-1.62,0.0466719398026876,-1.87
2019-08-18,10224.218706633936,-0.99,2.407025173223794,4.03,185.76004109383433,0.33,0.04737046324949391,1.47
2019-08-19,10309.872435928555,0.83,2.502835862611219,3.83,194.35736761658467,4.42,0.05066438962767642,6.5
2019-08-20,10895.97184442924,5.38,2.500638878848058,-0.09,202.95975075968417,4.24,0.05019454443213063,-0.94
2019-08-21,10743.789313302059,-1.42,2.361385295940746,-5.9,196.27274728566928,-3.41,0.049183992081746314,-2.05
2019-08-22,10124.058214168905,-6.12,2.2073279040808793,-6.98,187.01618910896025,-4.95,0.04716480331398617,-4.28
2019-08-23,10127.78985767835,0.04,2.2269200573369594,0.88,191.52119596772542,2.35,0.04940080528158715,4.53
2019-08-24,10385.509090033882,2.48,2.2337512920854774,0.31,194.2093873568753,1.38,0.04970245036635679,0.61
2019-08-25,10145.01247970698,-2.37,2.1696301029149727,-2.96,190.55575089343063,-1.92,0.0501623700145887,0.92
2019-08-26,10090.061576030994,-0.54,2.0745273036183955,-4.58,186.32236897942659,-2.27,0.04945092551466617,-1.44
2019-08-27,10334.911854471331,2.37,2.069975591530929,-0.22,188.37725745413954,1.09,0.04960650037440522,0.31
2019-08-28,10167.889390020262,-1.64,2.1096613099807344,1.88,186.97068487781738,-0.75,0.04990065558170095,0.59
2019-08-29,9753.48704889705,-4.25,1.9015769202644555,-10.94,173.02703573027782,-8.06,0.04596845655910895,-8.55
2019-08-30,9485.141423780755,-2.83,1.7804691434746303,-6.8,168.79916502828434,-2.5,0.04460753137056895,-3.05
2019-08-31,9588.98750205815,1.08,1.8034896939398324,1.28,168.6708883739598,-0.08,0.04479946283441484,0.43
2019-09-01,9607.289264302583,0.19,1.7820111416008997,-1.21,172.07296929356409,1.98,0.044880548452087936,0.18
2019-09-02,9729.266231867814,1.25,1.768151176565002,-0.78,170.72754514461607,-0.79,0.04449442698498823,-0.87
2019-09-03,10323.022660378076,5.75,1.8134625075085704,2.5,177.71647895327314,3.93,0.045354229791424734,1.9
2019-09-04,10620.165189356907,2.8,1.8482504021130275,1.88,178.82647784328285,0.62,0.04659907826217568,2.67
2019-09-05,10573.515179027892,-0.44,1.7770116193732683,-4.01,174.77627554812665,-2.32,0.04542015426529244,-2.6
2019-09-06,10570.249940786205,-0.03,1.7976355561798185,1.15,174.1938100520476,-0.33,0.04442465942246261,-2.24
2019-09-07,10350.748325717243,-2.12,1.7272760511964396,-4.07,169.42286694793444,-2.82,0.044309504591709646,-0.26
2019-09-08,10461.547731202416,1.06,1.766384457895482,2.21,177.85258889110943,4.74,0.04582084104840284,3.3
2019-09-09,10404.333900445994,-0.55,1.8310408164780363,3.53,181.4839320522675,2.0,0.04652576544236705,1.52
2019-09-10,10321.931613525778,-0.8,1.7938116584210657,-2.08,181.01465623196765,-0.26,0.046812260518715954,0.61
2019-09-11,10121.102297214318,-1.98,1.8062216714646724,0.69,180.1493915298145,-0.48,0.04655343816464846,-0.56
2019-09-12,10150.71002363705,0.29,1.731798524951704,-4.3,178.08294980618456,-1.16,0.04489760105784981,-3.69
2019-09-13,10401.319919342226,2.41,1.7126630135711711,-1.12,181.010836085851,1.62,0.045334945419827265,0.96
2019-09-14,10355.626898620032,-0.44,1.5831503071360469,-8.18,181.2119450035023,0.11,0.0457576836247777,0.92
2019-09-15,10349.551958231765,-0.06,1.574816513497497,-0.53,188.30568158376607,3.77,0.04645326282841542,1.5
2019-09-16,10305.675020156998,-0.43,1.613133532817962,2.38,189.25504633546134,0.5,0.046636019949772525,0.39
2019-09-17,10268.421696882157,-0.36,1.5787108689761515,-2.18,197.60691638393752,4.23,0.04709648472001802,0.98
2019-09-18,10203.071046816189,-0.64,1.6233159378919624,2.75,209.21116304181604,5.55,0.0490035399925224,3.89
2019-09-19,10158.854517376085,-0.44,1.7997825015084545,9.8,210.24907372866744,0.49,0.05279343380477617,7.18
2019-09-20,10253.232374680329,0.92,1.8681085368879855,3.66,221.74292599489385,5.18,0.05251209982657775,-0.54
2019-09-21,10178.442572698175,-0.73,1.8208760057033844,-2.59,217.95344382394939,-1.74,0.05198235510108807,-1.02
2019-09-22,9997.199887816778,-1.81,1.877063574076717,2.99,215.34523960456264,-1.21,0.051766192682133796,-0.42
2019-09-23,10041.304200624943,0.44,1.8096346524676659,-3.73,211.61753840452246,-1.76,0.04922405448984773,-5.16
2019-09-24,9699.504938095957,-3.52,1.7976959225572313,-0.66,201.00337752581868,-5.28,0.04640457934734447,-6.08
2019-09-25,8702.713528026236,-11.45,1.7490771152778164,-2.78,168.67357964603033,-19.17,0.03874491604487104,-19.77
2019-09-26,8446.244115548528,-3.04,1.7492279254330263,0.01,170.28886769224317,0.95,0.03913445205612641,1.0
2019-09-27,8098.80982048931,-4.29,1.6557771635387237,-5.64,166.21680322909975,-2.45,0.037974121649869325,-3.06
2019-09-28,8183.482347567026,1.03,1.6559584968634096,0.01,173.90494900595044,4.42,0.039139464635006165,2.98
2019-09-29,8225.11037185192,0.51,1.6837697695437375,1.65,174.07970541243265,0.1,0.038690642111289586,-1.16
2019-09-30,8064.380983385267,-1.99,1.7081928424147468,1.43,169.6894747522977,-2.59,0.03732373212854544,-3.66
2019-10-01,8271.290855465355,2.5,1.76289395577851,3.1,179.75716197925505,5.6,0.03879046631773576,3.78
2019-10-02,8366.503905663569,1.14,2.0126389837999636,12.41,180.63244082835516,0.48,0.03934729078058104,1.42
2019-10-03,8350.132163242944,-0.2,2.006954571279284,-0.28,180.57893058773016,-0.03,0.03932802690767859,-0.05
2019-10-04,8176.354679406582,-2.13,1.9910055812625105,-0.8,176.85852555342686,-2.1,0.03965059921433246,0.81
2019-10-05,8156.519553840962,-0.24,1.9726558971631036,-0.93,175.86315365350248,-0.57,0.0393397803771123,-0.79
2019-10-06,8140.242484268429,-0.2,1.9691130246380077,-0.18,176.2772565733896,0.23,0.0396685902386144,0.83
2019-10-07,7890.234349864658,-3.17,2.1709719524252833,9.3,170.44710628243018,-3.42,0.03887955039979462,-2.03
2019-10-08,8182.251593084191,3.57,2.393319903838563,9.29,180.14424760253544,5.38,0.041318057854402464,5.9
2019-10-09,8180.69113018462,-0.02,2.5676440102857874,6.79,180.78979326727546,0.36,0.041191998033769994,-0.31
2019-10-10,8573.060086448735,4.58,2.8040384698889733,8.43,193.33993781390976,6.49,0.04248072351463662,3.03
2019-10-11,8561.51932921772,-0.13,2.6337249237314073,-6.47,191.04108656991255,-1.2,0.04162496906474528,-2.06
2019-10-12,8277.848351085042,-3.43,2.746301333770676,4.1,180.55244905183102,-5.81,0.040235605666570064,-3.45
2019-10-13,8308.470967433434,0.37,2.5954298120591632,-5.81,179.94653567610214,-0.34,0.04041952993851232,0.46
2019-10-14,8289.497236618896,-0.23,2.4958507127260936,-3.99,181.2872472944888,0.74,0.041190202085297556,1.87
2019-10-15,8347.350350085451,0.69,2.531401574734596,1.4,186.61606753146776,2.86,0.041645500694088976,1.09
2019-10-16,8175.8631121051185,-2.1,2.385064079120231,-6.14,180.74563079187547,-3.25,0.039663940953829815,-5.0
2019-10-17,8010.3021797941665,-2.07,2.378954809210197,-0.26,175.05406935469742,-3.25,0.03857763166375929,-2.82
2019-10-18,8079.931459479744,0.86,2.418735226845349,1.64,177.4769186344818,1.37,0.03930643410932984,1.85
2019-10-19,7957.314093995798,-1.54,2.353657198192066,-2.76,172.88626058117322,-2.66,0.03805061129764288,-3.3
2019-10-20,7949.802268609832,-0.09,2.352357718254888,-0.06,171.85241043187662,-0.6,0.03897290606281899,2.37
2019-10-21,8208.362621758712,3.15,2.434452831518038,3.37,175.21210857661558,1.92,0.03948039340525086,1.29
2019-10-22,8220.91853113097,0.15,2.6270724149745432,7.33,174.35449608806442,-0.49,0.039207768181643655,-0.7
2019-10-23,8045.294246807262,-2.18,2.6016021334067307,-0.98,171.4265472158501,-1.71,0.038693172114020916,-1.33
2019-10-24,7468.5325324369,-7.72,2.6081681247374333,0.25,161.5840435929357,-6.09,0.03637923320687698,-6.36
2019-10-25,7433.915345679171,-0.47,2.73131769244359,4.51,160.67839136074096,-0.56,0.03734878480981196,2.6
2019-10-26,8652.030029867461,14.08,2.8351561404440138,3.66,181.45319156222183,11.45,0.041097604308284304,9.12
2019-10-27,9217.236031536286,6.13,2.747126622333381,-3.2,179.53527008259897,-1.07,0.04061350545407733,-1.19
2019-10-28,9502.020114436129,3.0,2.664070436492435,-3.12,183.58089983827585,2.2,0.04207839018309533,3.48
2019-10-29,9239.897283779665,-2.84,2.6593736075562764,-0.18,181.86179987269554,-0.95,0.04224665417638333,0.4
2019-10-30,9407.163351459427,1.78,2.664338945490083,0.19,190.50596091786502,4.54,0.04331050537060143,2.46
2019-10-31,9171.874474054188,-2.57,2.6065555254735595,-2.22,183.13375148673262,-4.03,0.041746574591392444,-3.75
2019-11-01,9151.824594459767,-0.22,2.7280109063389575,4.45,182.75570124695298,-0.21,0.041361454729798124,-0.93
2019-11-02,9233.413801605904,0.88,2.7164409978232866,-0.43,183.064191451962,0.17,0.042176822419817434,1.93
2019-11-03,9302.83461784109,0.75,2.7029952486156117,-0.5,183.21568174708486,0.08,0.04245679316407893,0.66
2019-11-04,9204.286350451268,-1.07,2.6659707491806373,-1.39,181.8244399622803,-0.77,0.04176896482416645,-1.65
2019-11-05,9378.953914330921,1.86,2.674820505385037,0.33,185.76433086001398,2.12,0.04308818459413177,3.06
2019-11-06,9300.373963047077,-0.84,2.6733368008567933,-0.06,189.16575518025138,1.8,0.044165155155295795,2.44
2019-11-07,9340.048651574896,0.42,2.7335686349569586,2.2,191.3004004540056,1.12,0.044783257163617994,1.38
2019-11-08,9221.073784983802,-1.29,2.681818831938464,-1.93,186.81653195658674,-2.4,0.04347433198846476,-3.01
2019-11-09,8795.896069400225,-4.83,2.7107770173322834,1.07,183.6736227613274,-1.71,0.04220330628010057,-3.01
2019-11-10,8809.78367388588,0.16,2.8000223098892882,3.19,184.95814543107952,0.69,0.042399051627971224,0.46
2019-11-11,9043.673292397065,2.59,2.7778996370422924,-0.8,189.04498222352015,2.16,0.04384750361343306,3.3
2019-11-12,8729.917418490728,-3.59,2.74310756111711,-1.27,184.839873654298,-2.28,0.04315162007716826,-1.61
2019-11-13,8806.751998954014,0.87,2.8182066700517603,2.66,186.8659398462863,1.08,0.0436903214677948,1.23
2019-11-14,8770.78082523136,-0.41,3.0122425871332905,6.44,187.84288849379362,0.52,0.04333044842113522,-0.83
2019-11-15,8652.025288272329,-1.37,3.04842903788906,1.19,184.78830689468228,-1.65,0.04284484530888767,-1.13
2019-11-16,8480.435541874604,-2.02,3.0342845079994833,-0.47,180.16871140792335,-2.56,0.04395462414292063,2.52
2019-11-17,8496.376959145864,0.19,2.994172926094544,-1.34,182.63065416042576,1.35,0.043909482514101976,-0.1
2019-11-18,8508.499434051764,0.14,2.909499282183738,-2.91,183.9879638750186,0.74,0.04503353305919832,2.5
2019-11-19,8202.834446107912,-3.73,2.7942791242142566,-4.12,178.3855993731378,-3.14,0.04327868283242252,-4.05
2019-11-20,8138.831605359057,-0.79,2.7230115698169675,-2.62,175.8204845763924,-1.46,0.042139784236259845,-2.7
2019-11-21,8095.865638011639,-0.53,2.6987654969772428,-0.9,174.80445727797053,-0.58,0.040953342204618375,-2.9
2019-11-22,7632.494765498649,-6.07,2.5483952630505895,-5.9,161.15147727923085,-8.47,0.03845543217357254,-6.5
2019-11-23,7293.013949172297,-4.65,2.351152597150909,-8.39,149.92569206419535,-7.49,0.03710515425629251,-3.64
2019-11-24,7309.689243566324,0.23,2.4211047454731736,2.89,151.96608493452732,1.34,0.037901251811856156,2.1
2019-11-25,6935.73862740252,-5.39,2.2230090942724052,-8.91,140.24681084120735,-8.36,0.03513730599011359,-7.87
2019-11-26,7118.264883393205,2.56,2.266511560420674,1.92,146.34618694453036,4.17,0.035956369261980266,2.28
2019-11-27,7157.684731054473,0.55,2.2565922667817073,-0.44,147.57506848968612,0.83,0.03667455706244554,1.96
2019-11-28,7483.754192176799,4.36,2.2250725160804317,-1.42,152.615068348219,3.3,0.038830680754972834,5.55
2019-11-29,7438.621769308849,-0.61,2.2731826328443647,2.12,150.91034572010813,-1.13,0.03908387074181357,0.65
2019-11-30,7720.865011260837,3.66,2.336131407076696,2.69,154.25530586508248,2.17,0.041182255001463566,5.1
2019-12-01,7556.397585815771,-2.18,2.2369526587311412,-4.43,151.73585404476006,-1.66,0.04038258414470136,-1.98
2019-12-02,7405.808478752477,-2.03,2.1634883553188167,-3.4,151.02315688624967,-0.47,0.03952578207954416,-2.17
2019-12-03,7308.982444423794,-1.32,2.09306922560643,-3.36,148.86726798663648,-1.45,0.03806227948306808,-3.85
2019-12-04,7286.080951511441,-0.31,2.1188421421593433,1.22,147.12795176955626,-1.18,0.037745739603044205,-0.84
2019-12-05,7209.971417454778,-1.06,2.034031898210004,-4.17,145.40170953026762,-1.19,0.037181515915395924,-1.52
2019-12-06,7373.782498577651,2.22,2.0135871564343684,-1.02,147.79749210977155,1.62,0.037522206612805455,0.91
2019-12-07,7530.922830404948,2.09,2.079888679390078,3.19,148.60569815279229,0.54,0.03815189761484911,1.65
2019-12-08,7493.545154556748,-0.5,2.0414645829944016,-1.88,147.1457864691915,-0.99,0.03843096604389336,0.73
2019-12-09,7508.315669139108,0.2,2.0549875620428373,0.66,150.2924488050236,2.09,0.038668513328333716,0.61
2019-12-10,7347.036951245358,-2.2,2.077506093432458,1.08,147.42926132729735,-1.94,0.03737145064010286,-3.47
2019-12-11,7233.950487171398,-1.56,2.258194363550376,8.0,145.56867918491014,-1.28,0.03640527577039115,-2.65
2019-12-12,7197.426825880834,-0.51,2.1717266715469696,-3.98,143.12297867633916,-1.71,0.03654126732327265,0.37
2019-12-13,7200.7070180298015,0.05,2.1064967400226546,-3.1,145.02592545573296,1.31,0.03644246147404853,-0.27
2019-12-14,7247.350277010915,0.64,2.0694463080635375,-1.79,144.6187808332106,-0.28,0.0369820831989132,1.46
2019-12-15,7081.740255265727,-2.34,1.995620237691281,-3.7,141.84486515951662,-1.96,0.03629930549531227,-1.88
2019-12-16,7108.563021778046,0.38,2.0731411073735924,3.74,142.21086918955265,0.26,0.03639416759474578,0.26
2019-12-17,6901.036915336086,-3.01,1.9710847158371632,-5.18,132.72274321129302,-7.15,0.03415195726700481,-6.57
2019-12-18,6627.162514553135,-4.13,1.7516126451935,-12.53,121.770107290006,-8.99,0.03178175156971633,-7.46
2019-12-19,7274.768503792503,8.9,1.8740419018109329,6.53,132.74136111736684,8.27,0.034291358200694386,7.32
2019-12-20,7152.558691632884,-1.71,1.803688163688249,-3.9,128.0791538700726,-3.64,0.032983787593688675,-3.96
2019-12-21,7185.439179630756,0.46,1.9207403089504675,6.09,128.2701941791178,0.15,0.03389300095412184,2.68
2019-12-22,7141.554857046259,-0.61,1.8586752607475694,-3.34,126.93287325611249,-1.05,0.03304829089300679,-2.56
2019-12-23,7488.196174601466,4.63,1.929517461001972,3.67,132.17746965077103,3.97,0.034285074571728094,3.61
2019-12-24,7335.207616177015,-2.09,1.8700715010087203,-3.18,128.16997170630987,-3.13,0.033123126636812175,-3.51
2019-12-25,7266.60819662888,-0.94,1.845437559359905,-1.33,127.72559890360142,-0.35,0.03384022560395813,2.12
2019-12-26,7204.1848756885975,-0.87,1.7843817292141682,-3.42,125.01870585042732,-2.17,0.033355781449359564,-1.45
2019-12-27,7208.489307892152,0.06,1.8512334274912852,3.61,125.61458431453704,0.47,0.03411089125585243,2.21
2019-12-28,7247.62371236525,0.54,1.8748654083002056,1.26,126.32718018933488,0.56,0.032982446135028154,-3.42
2019-12-29,7307.887522683333,0.82,1.872153634552233,-0.14,128.0669874384903,1.36,0.0336692203576147,2.04
2019-12-30,7394.029285530991,1.17,1.8957709633230442,1.25,134.3236471998861,4.66,0.03411735080217509,1.31
2019-12-31,7240.4289122518185,-2.12,1.8185534447004073,-4.25,131.4621363838881,-2.18,0.033403846673479655,-2.14
2020-01-01,7195.153895430029,-0.63,1.7628770827130276,-3.16,129.18638529253852,-1.76,0.03291192895521444,-1.49
2020-01-02,7193.7546679601,-0.02,1.801350661318486,2.14,130.4846850311141,0.99,0.03336199817363285,1.35
2020-01-03,6963.853353983485,-3.3,1.7339751083627917,-3.89,127.04525801179804,-2.71,0.032617854913203397,-2.28
2020-01-04,7300.34693530511,4.61,1.8008318845222655,3.71,133.70264861844188,4.98,0.03396737105303003,3.97
2020-01-05,7351.377053166627,0.69,1.8244206172608568,1.29,134.1368826978575,0.32,0.03429831055059213,0.96
2020-01-06,7349.972248050628,-0.02,1.7927417761079796,-1.77,135.00571364233375,0.64,0.034426974000458806,0.37
2020-01-07,7734.675515785289,4.97,1.9289459637160467,7.06,143.80639795566535,6.12,0.03699861537001607,6.95
2020-01-08,8147.415237636371,5.07,2.1071254211508093,8.46,143.019432264986,-0.55,0.03700031491468185,0.0
2020-01-09,8045.789124592971,-1.26,2.1809369562451804,3.38,140.27393527388705,-1.96,0.03622525504485451,-2.14
2020-01-10,7832.795643840387,-2.72,2.1704058288449564,-0.49,137.86055928182662,-1.75,0.03606813363312789,-0.44
2020-01-11,8180.513169803805,4.25,2.2236969338365875,2.4,144.6047743464792,4.66,0.03704461838827698,2.64
2020-01-12,8012.085781814529,-2.1,2.271799777848724,2.12,142.18233327497873,-1.7,0.03644230426734148,-1.65
2020-01-13,8171.401185320944,1.95,2.229241108615507,-1.91,145.42287633530452,2.23,0.037372044999992096,2.49
2020-01-14,8110.647964503772,-0.75,2.1873957164590623,-1.91,143.58796905036286,-1.28,0.03694314176800163,-1.16
2020-01-15,8801.871213137745,7.85,2.388481504352168,8.42,165.99143854583525,13.5,0.04128584833942434,10.52
2020-01-16,8820.85010599613,0.22,2.402578880239726,0.59,166.2530969048888,0.16,0.042411480438429544,2.65
2020-01-17,8720.91950137424,-1.15,2.4780620952535406,3.05,163.80590111423027,-1.49,0.04149477270942618,-2.21
2020-01-18,8902.568995225329,2.04,2.710799791351824,8.59,171.15621787671842,4.29,0.04435018182495084,6.44
2020-01-19,8906.902675151074,0.05,2.760310991298451,1.79,174.23837318258896,1.77,0.044812672747495216,1.03
2020-01-20,8690.380569544623,-2.49,2.6081897368975935,-5.83,166.6271059505621,-4.57,0.04246575287233477,-5.53
2020-01-21,8631.253954333763,-0.69,2.7022761186171755,3.48,166.93852805776982,0.19,0.04320533822872788,1.71
2020-01-22,8724.818622931474,1.07,2.667311723636455,-1.31,169.27993585839258,1.38,0.04564428999104319,5.34
2020-01-23,8665.436914096897,-0.69,2.639853694567847,-1.04,167.8265296405669,-0.87,0.045344968823828,-0.66
2020-01-24,8415.956027335538,-2.96,2.4627577280385258,-7.19,162.51937110634034,-3.27,0.0433842987518649,-4.52
2020-01-25,8432.096675789418,0.19,2.4965896722209058,1.36,162.40947975163584,-0.07,0.04445290661489713,2.4
2020-01-26,8348.665665079325,-1.0,2.450638056737734,-1.88,160.6736108617405,-1.08,0.0435431200036232,-2.09
2020-01-27,8595.728298493115,2.87,2.569023968046347,4.61,167.6474095857562,4.16,0.044372587590869254,1.87
2020-01-28,8879.335548714553,3.19,2.5991202987428452,1.16,169.7364357354222,1.23,0.047306343705102775,6.2
2020-01-29,9320.805853868467,4.74,2.6395585346834274,1.53,175.19000305345378,3.11,0.05221221482241534,9.4
2020-01-30,9276.893821086494,-0.47,2.764282844662597,4.51,173.70688823620796,-0.85,0.05318318965574728,1.83
2020-01-31,9509.80513557522,2.45,2.910071295728357,5.01,184.72621843141044,5.97,0.05587289917517012,4.81
2020-02-01,9308.060285564778,-2.17,2.815726366880131,-3.35,179.22910385240368,-3.07,0.05384876459872832,-3.76
2020-02-02,9363.22420680057,0.59,2.828793021434588,0.46,183.33693755210257,2.24,0.055455548420960024,2.9
2020-02-03,9338.416631939404,-0.27,2.8269022805190387,-0.07,188.55064179431113,2.77,0.055766417933093095,0.56
2020-02-04,9308.91270229121,-0.32,2.7644784254374106,-2.26,189.86176346298166,0.69,0.056763986623298686,1.76
2020-02-05,9179.95928107711,-1.4,2.7349000796253593,-1.08,188.84220736948276,-0.54,0.05599710396923617,-1.37
2020-02-06,9592.18387389791,4.3,2.8342003097694746,3.5,203.8593183747095,7.37,0.05896099183018863,5.03
2020-02-07,9744.636578159387,1.56,2.8848138369639296,1.75,212.73341421352782,4.17,0.059792837110445723,1.39
2020-02-08,9799.448455824684,0.56,3.317302839886062,13.04,223.27631974791998,4.72,0.05977410411537365,-0.03
2020-02-09,9890.701658194865,0.92,3.4237594716003503,3.11,223.30077697426225,0.01,0.06015651138174843,0.64
2020-02-10,10148.379719131783,2.54,3.3935812632799265,-0.89,228.29226083217347,2.19,0.06153145499449852,2.23
2020-02-11,9890.121224019967,-2.61,3.4127266757789747,0.56,224.14699652028605,-1.85,0.060256186685248236,-2.12
2020-02-12,10226.925769215322,3.29,3.971539839574887,14.07,236.78534852972567,5.34,0.06288978799430087,4.19
2020-02-13,10328.897565836414,0.99,4.0044693341874025,0.82,264.03276824299627,10.32,0.06729185193465648,6.54
2020-02-14,10221.260309201634,-1.05,3.8735987009893336,-3.38,267.6704445042514,1.36,0.06836530000108265,1.57
2020-02-15,10320.157140513991,0.96,4.409024880437023,12.14,284.2318914741183,5.83,0.07032856354246741,2.79
2020-02-16,9894.136123789158,-4.31,4.300753400470957,-2.52,263.8999463915962,-7.7,0.06472612654514034,-8.66
2020-02-17,9943.673602578743,0.5,4.498985413890007,4.41,262.1562443168135,-0.67,0.06285710908344452,-2.97
2020-02-18,9723.605026422496,-2.26,4.307158166082311,-4.45,267.9356656159883,2.16,0.06045176130470179,-3.98
2020-02-19,10133.817417084678,4.05,4.535797749770263,5.04,281.9457403055278,4.97,0.06254705922733717,3.35
2020-02-20,9618.409248250406,-5.36,4.371680094887493,-3.75,259.1838037480287,-8.78,0.05818171129947997,-7.5
2020-02-21,9608.16918128246,-0.11,4.266174884971684,-2.47,257.9883953048601,-0.46,0.05777565653662186,-0.7
2020-02-22,9673.011800270346,0.67,4.2817364420447275,0.36,265.1644591338591,2.71,0.05865822848701768,1.5
2020-02-23,9658.606058375473,-0.15,4.097401544819644,-4.5,260.99654013152536,-1.6,0.05839392327180828,-0.45
2020-02-24,9946.716123467522,2.9,4.248606936842866,3.56,274.6312157785517,4.96,0.06073456267572729,3.85
2020-02-25,9670.9608064677,-2.85,3.9170064869256214,-8.47,265.2421912203732,-3.54,0.05935885557530342,-2.32
2020-02-26,9345.342701734848,-3.48,3.5127309087336656,-11.51,248.31738139395102,-6.82,0.05662502391878016,-4.83
2020-02-27,8801.657129472504,-6.18,3.6117474413152535,2.74,224.81050829744677,-10.46,0.05064465595671338,-11.81
2020-02-28,8781.175282202359,-0.23,3.954741798944149,8.67,225.42971511683754,0.27,0.049602674255913366,-2.1
2020-02-29,8717.331431359424,-0.73,4.19211591174518,5.66,227.70528448376498,1.0,0.048926399932164466,-1.38
2020-03-01,8552.989118581636,-1.92,4.078126682900133,-2.8,218.34835692985286,-4.29,0.04736417458731175,-3.3
2020-03-02,8567.802248679225,0.17,3.880965015064567,-5.08,218.93979697447656,0.27,0.046172079440448384,-2.58
2020-03-03,8905.876104262194,3.8,4.227125142761496,8.19,231.67944604592213,5.5,0.048794270674382634,5.37
2020-03-04,8756.718576742549,-1.7,4.573462295621212,7.57,223.96011601810258,-3.45,0.04864811457593409,-0.3
2020-03-05,8758.646993191916,0.02,4.663737998181804,1.94,224.13487737180202,0.08,0.04889845997466285,0.51
2020-03-06,9038.870323233425,3.1,4.682347769184177,0.4,228.0809351016884,1.73,0.0508706766907552,3.88
2020-03-07,9135.84506603321,1.06,4.683860677728218,0.03,244.23846951978683,6.62,0.051380435471976016,0.99
2020-03-08,8902.20195010789,-2.62,4.347690687018586,-7.73,237.38079020191347,-2.89,0.04923996466792674,-4.35
2020-03-09,8041.365538071835,-10.71,4.044218234050518,-7.5,198.81964228768578,-19.4,0.04328449004181886,-13.76
2020-03-10,7921.33200691072,-1.52,4.056847648197706,0.31,200.84687148188746,1.01,0.04161723666032623,-4.01
2020-03-11,7906.731528510632,-0.18,4.079044096558147,0.54,200.74903854851766,-0.05,0.0413982274117634,-0.53
2020-03-12,7935.522040170545,0.36,3.8232672229681817,-6.69,194.21794124025206,-3.36,0.040066910703005464,-3.32
2020-03-13,5142.990459018316,-54.3,1.9744280382744082,-93.64,110.5978978308351,-75.61,0.023715965392713114,-68.94
2020-03-14,5542.819542373153,7.21,2.4253678427287175,18.59,132.57285770180832,16.58,0.028339513929699127,16.31
2020-03-15,5214.189112383918,-6.3,2.1294755948791324,-13.9,123.030844108903,-7.76,0.026047698238738294,-8.8
2020-03-16,5397.93335743919,3.4,2.106229454210574,-1.1,124.60342553062202,1.26,0.026756995277093912,2.65
2020-03-17,5032.501351487721,-7.26,1.789497905028956,-17.7,110.99159845334059,-12.26,0.024346526372750345,-9.9
2020-03-18,5389.41577503409,6.62,1.8889431773011256,5.26,117.21704138518466,5.31,0.025700793838345847,5.27
2020-03-19,5376.280747845438,-0.24,1.9372428316453474,2.49,117.7004246469663,0.41,0.02583792069504759,0.53
2020-03-20,6170.200600237675,12.87,2.2401206810792593,13.52,136.81187578973578,13.97,0.030025358670093035,13.95
2020-03-21,6195.603505257629,0.41,2.249443493760885,0.41,131.96469397290025,-3.67,0.029563156863756747,-1.56
2020-03-22,6145.770891252399,-0.81,2.263956742824706,0.64,131.94321845316688,-0.02,0.02920966660001919,-1.21
2020-03-23,5859.647430299388,-4.88,1.9939609668790377,-13.54,122.5205987665882,-7.69,0.027299338945898356,-7.0
2020-03-24,6456.347485963419,9.24,2.2537383255185985,11.53,135.58865798037067,9.64,0.029350724334646947,6.99
2020-03-25,6730.173782371188,4.07,2.314514463783025,2.63,138.77657127268222,2.3,0.030292189964117498,3.11
2020-03-26,6695.9006183977235,-0.51,2.2617319961228857,-2.33,136.23392142176775,-1.87,0.029553286311834504,-2.5
2020-03-27,6765.56207892991,1.03,2.297931485605132,1.58,138.76693759902926,1.83,0.030279069890362973,2.4
2020-03-28,6397.826328325604,-5.75,2.1314392302379734,-7.81,130.2865618875773,-6.51,0.029051152675985865,-4.23
2020-03-29,6255.000398693634,-2.28,2.138547449562877,0.33,131.42405214081145,0.87,0.029258974440926674,0.71
2020-03-30,5915.337154791903,-5.74,2.022603198671787,-5.73,125.31887451568916,-4.87,0.02813464997437409,-4.0
2020-03-31,6403.141235565223,7.62,2.143747399670718,5.65,132.36373895414985,5.32,0.029919979067588413,5.97
2020-04-01,6421.70541388854,0.29,2.2619145794152304,5.22,133.2364468438201,0.66,0.030115490879317953,0.65
2020-04-02,6640.797666310131,3.3,2.2739973570833687,0.53,136.21638557312852,2.19,0.031124362144469,3.24
2020-04-03,6807.897017890566,2.45,2.2974313760037095,1.02,141.4537053523866,3.7,0.03192383119673622,2.5
2020-04-04,6732.852018394612,-1.11,2.295285721545908,-0.09,141.26154326644877,-0.14,0.03190034091740878,-0.07
2020-04-05,6859.424923721944,1.85,2.3124755688954233,0.74,144.200802681986,2.04,0.032559946978819546,2.03
2020-04-06,6788.048272605917,-1.05,2.2665208688235037,-2.03,142.8508834648482,-0.94,0.03190115589416975,-2.07
2020-04-07,7297.635558289496,6.98,2.526522120061146,10.29,169.85504979336824,15.9,0.03515264045303116,9.25
2020-04-08,7196.782202442051,-1.4,2.7120812411685677,6.84,164.5160197107307,-3.25,0.03517699227028992,0.07
2020-04-09,7342.291601148024,1.98,3.160782287832754,14.2,172.80356826747519,4.8,0.036138737022157766,2.66
2020-04-10,7294.488875121554,-0.66,3.3217648737156886,4.85,170.09510352387568,-1.59,0.0362387493283838,0.28
2020-04-11,6864.694257006497,-6.26,3.210195555047736,-3.48,157.74015800780134,-7.83,0.03355089410257256,-8.01
2020-04-12,6878.781212589853,0.2,3.2913998591202938,2.47,158.32787794181905,0.37,0.03333771592009745,-0.64
2020-04-13,6913.158787469097,0.5,3.4356417616143324,4.2,158.8638257195104,0.34,0.03350282483281884,0.49
2020-04-14,6857.538537511484,-0.81,3.378194187187085,-1.7,156.70135879140688,-1.38,0.033164582986299866,-1.02
2020-04-15,6860.17853570111,0.04,3.250030059620855,-3.94,158.26715118298955,0.99,0.03308764126289459,-0.23
2020-04-16,6629.431738031291,-3.48,3.1313106024759576,-3.79,153.2228636800284,-3.29,0.031854947221113185,-3.87
2020-04-17,7059.92622475854,6.1,3.4566300159259367,9.41,171.7759907508837,10.8,0.03421573200401328,6.9
2020-04-18,7035.261503989225,-0.35,3.4601943623550464,0.1,170.445890477055,-0.78,0.034226800145962986,0.03
2020-04-19,7242.5109294929825,2.86,3.785038904803591,8.58,187.14354411560592,8.92,0.03617135075341797,5.38
2020-04-20,7127.511949689152,-1.61,3.6117911888553107,-4.8,180.05859654051866,-3.93,0.03576446863266553,-1.14
2020-04-21,6856.456278354705,-3.95,3.442231544040889,-4.93,170.70405868653958,-5.48,0.03403570805043787,-5.08
2020-04-22,6842.038597634602,-0.21,3.4547260130893265,0.36,170.45154288047368,-0.15,0.034321463320175806,0.83
2020-04-23,7109.995291181778,3.77,3.678901593999227,6.09,182.2767576620704,6.49,0.036251791946901056,5.32
2020-04-24,7382.793144116689,3.7,3.695152607718119,0.44,184.59370248021838,1.26,0.03986515874644297,9.06
2020-04-25,7495.393587498606,1.5,3.7785830325030734,2.21,187.34336861419638,1.47,0.04137631150203629,3.65
2020-04-26,7538.557687279841,0.57,3.7851977407953834,0.17,194.11423682570447,3.49,0.042297048210688984,2.18
2020-04-27,7683.867415083342,1.89,3.7133130314510177,-1.94,197.22990444623989,1.58,0.045321212289281494,6.67
2020-04-28,7774.281554448049,1.16,3.617218570556374,-2.66,196.46262535084685,-0.39,0.04626131794267583,2.03
2020-04-29,7758.230255185947,-0.21,3.6537108390466813,1.0,197.15473156634306,0.35,0.04683418909009339,1.22
2020-04-30,8744.430287016561,11.28,3.8876840773203454,6.02,215.54817266567386,8.53,0.05148004627020868,9.02
2020-05-01,8610.63580374089,-1.55,3.7018515924965945,-5.02,205.55600541063674,-4.86,0.048008344969066724,-7.23
2020-05-02,8824.818413551968,2.43,3.7600449834025382,1.55,211.96829534904975,3.03,0.050066837336214594,4.11
2020-05-03,8966.307014689282,1.58,3.816254922390779,1.47,213.94301121407548,0.92,0.050944071063612976,1.72
2020-05-04,8888.671912686868,-0.87,3.7143145117226295,-2.74,210.02470947464775,-1.87,0.049620875210238974,-2.67
2020-05-05,8884.407813577056,-0.05,3.743779355625074,0.79,206.8325342346069,-1.54,0.04933056298412934,-0.59
2020-05-06,9003.240557621584,1.32,3.689464063816396,-1.47,205.22517973985205,-0.78,0.04943354443626274,0.21
2020-05-07,9144.68703972007,1.55,3.577925797507498,-3.12,200.25479450009442,-2.48,0.049848709941183324,0.83
2020-05-08,9959.166416261767,8.18,3.7484058951931845,4.55,212.29247620086525,5.67,0.05167027721929279,3.53
2020-05-09,9821.81131529702,-1.4,3.7964585664670767,1.27,211.68904835113835,-0.29,0.051289723792858684,-0.74
2020-05-10,9566.777187205966,-2.67,4.021831458931145,5.6,210.4318181376063,-0.6,0.051110669967212946,-0.35
2020-05-11,8752.617087745832,-9.3,3.7654236218928996,-6.81,188.13722615896586,-11.85,0.04763232409174676,-7.3
2020-05-12,8604.75159101983,-1.72,3.5833483354310647,-5.08,185.67471809740294,-1.33,0.04778357884916732,0.32
2020-05-13,8788.466749414652,2.09,3.6946839703658054,3.01,189.30578181851274,1.92,0.04986014003783247,4.16
2020-05-14,9283.08601265873,5.33,3.7600505791134733,1.74,199.36937254304945,5.05,0.05190733864530212,3.94
2020-05-15,9796.494527024528,5.24,3.804620028004802,1.17,203.21124699378416,1.89,0.0523289773867511,0.81
2020-05-16,9309.29535940684,-5.23,3.6534375486770294,-4.14,194.27309778153102,-4.6,0.04965591623553334,-5.38
2020-05-17,9375.29710843331,0.7,3.761284797930871,2.87,200.58339090310048,3.15,0.05078955490374222,2.23
2020-05-18,9666.32719340344,3.01,3.7776814154332334,0.43,206.76889403683904,2.99,0.051874033349081826,2.09
2020-05-19,9708.439858793108,0.43,3.8780345725017478,2.59,214.35764164526782,3.54,0.05330165179685109,2.68
2020-05-20,9760.198937162193,0.53,3.9372412833939903,1.5,213.68672021176667,-0.31,0.055955048441401,4.74
2020-05-21,9526.50759300584,-2.45,4.070357736985981,3.27,209.9207882888633,-1.79,0.05629641155778893,0.61
2020-05-22,9059.962506871727,-5.15,3.831429564041665,-6.24,198.9175157507187,-5.53,0.05255605041329291,-7.12
2020-05-23,9131.767275081993,0.79,3.955366193435418,3.13,206.22772963994552,3.54,0.05458098672313555,3.71
2020-05-24,9170.361063506127,0.42,3.926452631364842,-0.74,206.4112069583191,0.09,0.05502897778167245,0.81
2020-05-25,8731.848525870651,-5.02,3.803452657359731,-3.23,200.69072858230618,-2.85,0.05165813433464868,-6.53
2020-05-26,8883.691769863415,1.71,3.8594184920089,1.45,203.81011834234977,1.53,0.0534591223816944,3.37
2020-05-27,8839.130663273247,-0.5,3.8393471632480383,-0.52,200.96361540675866,-1.42,0.053489647699239654,0.06
2020-05-28,9174.118563996424,3.65,3.857560717272475,0.47,207.84589389085414,3.31,0.05513189797928608,2.98
2020-05-29,9546.04563503715,3.9,4.028085869637265,4.23,219.59156405880168,5.35,0.06318170384699415,12.74
2020-05-30,9427.120373393418,-1.26,3.977957184764267,-1.26,220.49116734603788,0.41,0.06440627090487543,1.9
2020-05-31,9662.70587254818,2.44,4.162920323577822,4.44,242.70977026782677,9.15,0.07515173911855684,14.3
2020-06-01,9466.961781429516,-2.07,4.140868201194424,-0.53,232.33100303896677,-4.47,0.07445057048724268,-0.94
2020-06-02,10167.93069332851,6.89,4.397158041746223,5.83,248.04456658448655,6.33,0.0807648188667561,7.82
2020-06-03,9515.243858655718,-6.86,4.391470728995046,-0.13,237.26532012867918,-4.54,0.07845964190326127,-2.94
2020-06-04,9645.227869360308,1.35,4.4881087346225925,2.15,244.1253366100756,2.81,0.08460175665437468,7.26
2020-06-05,9776.20299178848,1.34,4.466929358088743,-0.47,243.70782131595863,-0.17,0.08759318165448617,3.42
2020-06-06,9636.965527050057,-1.44,4.369782511338782,-2.22,240.24696898765103,-1.44,0.08521898020086886,-2.79
2020-06-07,9662.858709002241,0.27,4.348519811416081,-0.49,242.02164036721499,0.73,0.08617635377316928,1.11
2020-06-08,9738.603356828593,0.78,4.3434738175370216,-0.12,244.22674439497985,0.9,0.08640404204550932,0.26
2020-06-09,9773.02951309516,0.35,4.460625671113755,2.63,246.21278326044262,0.81,0.08645866868212641,0.06
2020-06-10,9767.00531665552,-0.06,4.436611873780474,-0.54,243.8495266518988,-0.97,0.08312707196318139,-4.01
2020-06-11,9874.898681832236,1.09,4.423397884815647,-0.3,247.5419715295243,1.49,0.08357072206180427,0.53
2020-06-12,9325.996856202635,-5.89,3.961107291550577,-11.67,232.00078536182022,-6.7,0.07547795199985105,-10.72
2020-06-13,9469.533297509908,1.52,4.081707265018542,2.95,237.59341087744238,2.35,0.07941430595045662,4.96
2020-06-14,9469.473456163696,-0.0,4.110817780171493,0.71,238.29362910089247,0.29,0.07896191845138543,-0.57
2020-06-15,9345.960907722063,-1.32,3.948799372543212,-4.1,232.11252047744935,-2.66,0.07649684896822592,-3.22
2020-06-16,9431.719262201745,0.91,3.9334092697729384,-0.39,231.0170115525279,-0.47,0.07826463754494828,2.26
2020-06-17,9524.92661691022,0.98,4.04947192351294,2.87,235.28847948297147,1.82,0.07894369694119917,0.86
2020-06-18,9463.361414311787,-0.65,4.165075764468503,2.78,233.8636184621818,-0.61,0.0833565563029465,5.29
2020-06-19,9399.767217129216,-0.68,4.172693579872355,0.18,231.68485732135008,-0.94,0.08205913680156704,-1.58
2020-06-20,9312.780104497786,-0.93,4.096383945991058,-1.86,228.9592128032193,-1.19,0.07976738379090179,-2.87
2020-06-21,9360.247968201687,0.51,4.177211687859734,1.93,228.8691487972198,-0.04,0.07935360676409624,-0.52
2020-06-22,9298.360829121417,-0.67,4.184103889881909,0.16,227.79190590968685,-0.47,0.07834101698016169,-1.29
2020-06-23,9678.683208975835,3.93,4.4755996137122445,6.51,243.36470999245498,6.4,0.08360934463584759,6.3
2020-06-24,9624.684291831398,-0.56,4.795879234694912,6.68,243.07948223903702,-0.12,0.08276496254414765,-1.02
2020-06-25,9288.061774486938,-3.62,4.705963361268474,-1.91,234.5649846444734,-3.63,0.08250248627891989,-0.32
2020-06-26,9258.667161007706,-0.32,4.8077379196666,2.12,232.64870349961575,-0.82,0.08162344153345734,-1.08
2020-06-27,9166.486360416233,-1.01,4.682123570388239,-2.68,229.6365260272679,-1.31,0.08063290267381834,-1.23
2020-06-28,9013.90556467614,-1.69,4.419106165046448,-5.95,221.0260852973422,-3.9,0.07745477240605046,-4.1
2020-06-29,9139.903276297824,1.38,4.5446156703432,2.76,225.12294616525017,1.82,0.08032049074677003,3.57
2020-06-30,9185.166540651147,0.49,4.609761433667489,1.41,228.20576377381224,1.35,0.0837782373441704,4.13
2020-07-01,9149.721996758017,-0.39,4.568729304213496,-0.9,225.59281496891896,-1.16,0.08310769731892971,-0.81
2020-07-02,9230.672998590804,0.88,4.699572439121453,2.78,230.66194359094902,2.2,0.09609882582963368,13.52
2020-07-03,9094.318072166905,-1.5,4.802258339141904,2.14,226.57442434030435,-1.8,0.09324866368231888,-3.06
2020-07-04,9071.3850427828,-0.25,4.74417670755606,-1.22,225.1764054804081,-0.62,0.09627543371927394,3.14
2020-07-05,9132.908369533492,0.67,4.801943258588474,1.2,229.09471646218861,1.71,0.09969379993052387,3.43
2020-07-06,9087.407312582163,-0.5,4.750170577084187,-1.09,227.8993750381917,-0.52,0.09832563128453738,-1.39
2020-07-07,9342.376492626678,2.73,5.370125532381704,11.54,241.52685187431663,5.64,0.1053035083626078,6.63
2020-07-08,9253.630980242333,-0.96,5.714667370263541,6.03,238.96448054067793,-1.07,0.11760844945010313,10.46
2020-07-09,9432.172515827939,1.89,6.458644645074335,11.52,246.85900786802029,3.2,0.1298804110538667,9.45
2020-07-10,9235.716302064242,-2.13,6.102116348687693,-5.84,241.97512857897888,-2.02,0.12394192954780256,-4.79
2020-07-11,9282.913638839902,0.51,6.147214258264654,0.73,240.95495378293265,-0.42,0.11844083928628071,-4.64
2020-07-12,9234.314674712627,-0.53,6.1178974260512184,-0.48,239.10202554671358,-0.77,0.12542533761849164,5.57
2020-07-13,9297.479635872663,0.68,7.304026063302915,16.24,241.7715226007061,1.1,0.1268783734434242,1.15
2020-07-14,9240.76251972468,-0.61,7.168236171183697,-1.89,239.63878681174097,-0.89,0.12428834021463325,-2.08
2020-07-15,9247.060695963813,0.07,8.125226124888801,11.78,240.25147066847245,0.26,0.13208128069379993,5.9
2020-07-16,9203.371435179699,-0.47,8.661235986485096,6.19,238.66359720631723,-0.67,0.13044721590639485,-1.25
2020-07-17,9136.483376363976,-0.73,8.358921744487425,-3.62,233.837074562722,-2.06,0.12597459085630233,-3.55
2020-07-18,9156.276583115488,0.22,8.274893639177886,-1.02,232.78147743826054,-0.45,0.12261975823084438,-2.74
2020-07-19,9168.402736564132,0.13,7.964726084433056,-3.89,235.6811447764246,1.23,0.12263502818711443,0.01
2020-07-20,9202.615839500108,0.37,8.067204972271506,1.27,238.89523167867932,1.35,0.12398989746577355,1.09
2020-07-21,9163.159654576915,-0.43,7.26451838668878,-11.05,236.06009844538684,-1.2,0.11785394775122499,-5.21
2020-07-22,9384.379751903267,2.36,7.292422921835155,0.38,245.23373502634252,3.74,0.12295235527435235,4.15
2020-07-23,9514.304987626969,1.37,7.477309672672744,2.47,263.7624639660021,7.02,0.1237827759439597,0.67
2020-07-24,9589.81771944117,0.79,7.873266091537737,5.03,274.7236202591814,3.99,0.12405530009127375,0.22
2020-07-25,9535.93879573746,-0.57,7.425007716458686,-6.04,279.42705624758224,1.68,0.12196350601214086,-1.72
2020-07-26,9691.825138917147,1.61,7.6692934212477075,3.19,305.0381394111965,8.4,0.14336838253068768,14.93
2020-07-27,9925.751397476346,2.36,7.508402020161317,-2.14,310.51799095173624,1.76,0.14835594634623203,3.36
2020-07-28,10962.258481207355,9.46,7.067343550890433,-6.24,320.47619130968184,3.11,0.13793351401607168,-7.56
2020-07-29,10904.916526918994,-0.53,7.204811056544663,1.91,316.4067660520556,-1.29,0.14825503834148304,6.96
2020-07-30,11093.612240442404,1.7,7.0999119738623095,-1.48,317.5390729161191,0.36,0.13964887973262488,-6.16
2020-07-31,11116.307163685275,0.2,7.436668850293689,4.53,334.7419220365616,5.14,0.1408995400024149,0.89
2020-08-01,11325.5515272739,1.85,7.770381435217357,4.29,346.00350607288686,3.25,0.13914532295246507,-1.26
2020-08-02,11812.094307268515,4.12,8.370247807625603,7.17,387.94242117124685,10.81,0.14481025934661704,3.91
2020-08-03,11066.306240590267,-6.74,8.285579676683831,-1.02,370.7323024312388,-4.64,0.13373233004057936,-8.28
2020-08-04,11230.907762749297,1.47,9.206807959608698,10.01,386.24744771780877,4.02,0.13701513906207086,2.4
2020-08-05,11181.917508034885,-0.44,9.820136494983108,6.25,389.3830083498991,0.81,0.1427635983040935,4.03
2020-08-06,11719.26352395155,4.59,9.549342947174974,-2.84,400.18436250317995,2.7,0.14254911094068604,-0.15
2020-08-07,11768.127742240009,0.42,10.162394056796618,6.03,394.5417454611831,-1.43,0.143830276386743,0.89
2020-08-08,11571.487980683192,-1.7,9.976755413452894,-1.86,379.1351558498163,-4.06,0.13864502806327936,-3.74
2020-08-09,11739.131006414418,1.43,12.720729068560564,21.57,391.47843864211467,3.15,0.14572113584329605,4.86
2020-08-10,11682.851469154939,-0.48,13.818242694444718,7.94,389.62293111291143,-0.48,0.14490166488746986,-0.57
2020-08-11,11862.938012702563,1.52,13.379675286664355,-3.28,395.20991365718925,1.41,0.14330600013150213,-1.11
2020-08-12,11398.671060896633,-4.07,13.080656699562843,-2.29,379.17476395275435,-4.23,0.13709153191550913,-4.53
2020-08-13,11579.867951602135,1.56,16.576557309598748,21.09,387.50053082397886,2.15,0.13654137240996128,-0.4
2020-08-14,11817.164038803397,2.01,16.96937753864464,2.31,427.49026536796873,9.35,0.13934430136552997,2.01
2020-08-15,11777.391322489924,-0.34,16.973248142417543,0.02,438.7625874702974,2.57,0.13825948705473937,-0.78
2020-08-16,11864.905810156475,0.74,19.11346659964856,11.2,432.6546652389318,-1.41,0.13823721599011335,-0.02
2020-08-17,11901.776488302461,0.31,18.825978243862913,-1.53,433.43186093211244,0.18,0.13876880982976605,0.38
2020-08-18,12272.465808160425,3.02,16.611281209990075,-13.33,430.03250508972275,-0.79,0.14066093296166526,1.35
2020-08-19,11949.610970628193,-2.7,16.11393205745712,-3.09,422.10665286599425,-1.88,0.13702646573422966,-2.65
2020-08-20,11733.278970862082,-1.84,16.217414154120103,0.64,406.5744691821068,-3.82,0.12943229880582274,-5.87
2020-08-21,11861.83657727968,1.08,16.097361958401542,-0.75,416.46977582279794,2.38,0.1342025581766098,3.55
2020-08-22,11515.124298729217,-3.01,13.793522609219394,-16.7,386.8238914189483,-7.66,0.12261719847765214,-9.45
2020-08-23,11676.385305081287,1.38,15.951964152972828,13.53,395.88501828908585,2.29,0.12531555685950455,2.15
2020-08-24,11647.928120934363,-0.24,15.143434770415196,-5.34,390.7891350477376,-1.3,0.12160888158106746,-3.05
2020-08-25,11758.828120368864,0.94,15.158470956045893,0.1,408.2691456317229,4.28,0.12369254695958502,1.68
2020-08-26,11350.753473213,-3.6,14.240158616723132,-6.45,383.66214311829924,-6.41,0.11263109834364941,-9.82
2020-08-27,11465.002564032086,1.0,15.211232632752084,6.38,385.75249987492117,0.54,0.1144606140436145,1.6
2020-08-28,11300.398363810944,-1.46,14.524485074089629,-4.73,381.8376513210842,-1.03,0.10683596306265304,-7.14
2020-08-29,11519.118388160729,1.9,15.162763492623194,4.21,395.1382132386204,3.37,0.10921266508420925,2.18
2020-08-30,11481.481823317012,-0.33,16.586972217432393,8.59,399.374543834064,1.06,0.1166042236595269,6.34
2020-08-31,11701.004008657852,1.88,16.491168362323418,-0.58,428.2956791635218,6.75,0.11720776600238383,0.51
2020-09-01,11672.324104943627,-0.25,15.644497276809457,-5.41,435.6930232991007,1.7,0.12213967054745463,4.04
2020-09-02,11895.225345345636,1.87,16.02253919209929,2.36,475.6846642626859,8.41,0.12445625402929679,1.86
2020-09-03,11418.254756916149,-4.18,14.80215563079365,-8.24,439.35376021531494,-8.27,0.11549344683669856,-7.76
2020-09-04,10197.459822768922,-11.97,11.783795678786618,-25.61,383.6915311779978,-14.51,0.09505879566939421,-21.5
2020-09-05,10484.470392265588,2.74,12.464620055837823,5.46,387.9040290939166,1.09,0.10313467948399978,7.83
2020-09-06,10177.789718049991,-3.01,10.59157225419135,-17.68,334.46859301354317,-15.98,0.09043816075003416,-14.04
2020-09-07,10260.0177277544,0.8,12.811395169598967,17.33,352.99300214607035,5.25,0.09296928225595855,2.72
2020-09-08,10359.445216989981,0.96,12.384022646262737,-3.45,351.8778602923998,-0.32,0.09317387512933903,0.22
2020-09-09,10125.014956069688,-2.32,11.76814010915542,-5.23,337.84505193506857,-4.15,0.09125603638991188,-2.1
2020-09-10,10230.154699360752,1.03,12.35561608257508,4.75,351.2322670832359,3.81,0.09325309155180106,2.14
2020-09-11,10342.159391205681,1.08,12.533977753461631,1.42,367.63892881000675,4.46,0.09706045015866162,3.92
2020-09-12,10378.223044584596,0.35,12.492889780845463,-0.33,373.9149059897517,1.68,0.09691705074914046,-0.15
2020-09-13,10439.38467226404,0.59,12.70876716652991,1.7,387.72351629002264,3.56,0.09766100338612642,0.76
2020-09-14,10328.866065987393,-1.07,12.01627150634827,-5.76,365.695506306262,-6.02,0.09501920622465607,-2.78
2020-09-15,10661.096235144483,3.12,12.12152326167567,0.87,376.394561113407,2.84,0.09686444656720133,1.9
2020-09-16,10787.58020807624,1.17,10.94819522566572,-10.72,364.6900450860686,-3.21,0.09339815141227986,-3.71
2020-09-17,10952.249969107099,1.5,10.745344035575261,-1.89,365.13055081164816,0.12,0.09129471151418299,-2.3
2020-09-18,10937.996396960929,-0.13,10.986046698248261,2.19,388.7974562319938,6.09,0.09403597862335263,2.92
2020-09-19,10927.150310293275,-0.1,10.051059626440566,-9.3,383.17286599152135,-1.47,0.09086106367043356,-3.49
2020-09-20,11083.99836119821,1.42,10.124324881923025,0.72,385.4721234936851,0.6,0.09156776201769849,0.77
2020-09-21,10923.32666818137,-1.47,9.747248128291023,-3.87,370.9678951624775,-3.91,0.08924604426453794,-2.6
2020-09-22,10439.522488792423,-4.63,8.715994188199542,-11.83,341.27713087183076,-8.7,0.08036695005952045,-11.05
2020-09-23,10527.58784673943,0.84,8.74127204249188,0.29,343.9175471009491,0.77,0.08144309751741197,1.32
2020-09-24,10223.784106392732,-2.97,7.652648493838238,-14.23,321.0774351739628,-7.11,0.07662771823467814,-6.28
2020-09-25,10726.530083321983,4.69,9.83221697387039,22.17,348.8210199785493,7.95,0.08260669221175199,7.24
2020-09-26,10681.993848113701,-0.42,10.697375783329866,8.09,351.3315670221176,0.71,0.09679112941653688,14.65
2020-09-27,10743.19287975935,0.57,10.313514857693232,-3.72,354.2615819143104,0.83,0.09573509661982581,-1.1
2020-09-28,10765.300521660893,0.21,10.784606578530678,4.37,357.0664364067552,0.79,0.1013519284525498,5.54
2020-09-29,10672.02854425897,-0.87,10.26785139119672,-5.03,354.4295835375506,-0.74,0.10010350475850928,-1.25
2020-09-30,10837.516586513004,1.53,10.091326632345273,-1.75,359.4260895383702,1.39,0.10127070801967165,1.15
2020-10-01,10770.881347466415,-0.62,9.846018661214043,-2.49,359.59898475085777,0.05,0.10104054643998467,-0.23
2020-10-02,10627.976063963179,-1.34,9.648879314060489,-2.04,353.1978481381707,-1.81,0.09806671538460612,-3.03
2020-10-03,10572.674843011133,-0.52,9.216382617960507,-4.69,345.9125682279143,-2.11,0.09284100244017128,-5.63
2020-10-04,10546.65625537982,-0.25,9.266724450951983,0.54,345.99246319342933,0.02,0.09330816889143195,0.5
2020-10-05,10670.700811335208,1.16,9.410708547223079,1.53,352.4588065039611,1.83,0.09719180855471275,4.0
2020-10-06,10784.94940309411,1.06,9.611590933129055,2.09,353.6044273109067,0.32,0.09741456964273908,0.23
2020-10-07,10605.95779130622,-1.69,8.774650028649372,-9.54,340.6160218128092,-3.81,0.0928423176438943,-4.92
2020-10-08,10668.011010796896,0.58,8.916551038194859,1.59,341.4437964782809,0.24,0.09356108675917339,0.77
2020-10-09,10888.666546835811,2.03,9.517568000124975,6.31,350.0556765681245,2.46,0.09623242148989788,2.78
2020-10-10,11063.2523862591,1.58,10.403298735026125,8.51,365.33944481939363,4.18,0.10190332726907707,5.56
2020-10-11,11286.541942043945,1.98,10.503723181304629,0.96,370.4718109734285,1.39,0.10496844022812941,2.92
2020-10-12,11377.814876756858,0.8,10.845810228193262,3.15,374.4970150925736,1.07,0.10630428637650947,1.26
2020-10-13,11543.183760771468,1.43,11.472744012618485,5.46,387.25555835657167,3.29,0.10979372195623706,3.18
2020-10-14,11426.105544220427,-1.02,10.997384895502089,-4.32,381.16877389892255,-1.6,0.10903356749862499,-0.7
2020-10-15,11435.57243757972,0.08,10.951853200754268,-0.42,379.21025376092774,-0.52,0.10751534652143115,-1.41
2020-10-16,11495.584995733887,0.52,10.73631590188443,-2.01,377.15868107868175,-0.54,0.106442167300672,-1.01
2020-10-17,11319.097785677623,-1.56,10.595219015612578,-1.33,365.9906423831468,-3.05,0.10407566612724076,-2.27
2020-10-18,11365.814131026178,0.41,10.655830239445267,0.57,368.6504703636898,0.72,0.10605877277799808,1.87
2020-10-19,11495.899975689872,1.13,10.918305308924511,2.4,378.0493653237596,2.49,0.10747169602209264,1.31
2020-10-20,11752.146863919786,2.18,10.918418890518456,0.0,379.6394773321801,0.42,0.10882093969874612,1.24
2020-10-21,11908.708923246453,1.31,9.85475083697804,-10.79,368.2270142350454,-3.1,0.10227179791615577,-6.4
2020-10-22,12806.435726727443,7.01,10.812855154039745,8.86,391.16674217757225,5.86,0.10578746134929869,3.32
2020-10-23,12951.044060038126,1.12,11.92260367417264,9.31,413.2018903361906,5.33,0.11035608652226102,4.14
2020-10-24,12928.072296348406,-0.18,12.145984231925029,1.84,408.88948864371923,-1.05,0.10793430919151047,-2.24
2020-10-25,13106.04601925958,1.36,12.732464724717723,4.61,411.95921775305027,0.75,0.10797112088057405,0.03
2020-10-26,13021.410842124118,-0.65,12.14653831306342,-4.82,406.157094148215,-1.43,0.10627152675491035,-1.6
2020-10-27,13060.79221208406,0.3,11.739327912733991,-3.47,393.38290839224464,-3.25,0.10326744484141924,-2.91
2020-10-28,13655.185415883081,4.35,11.972447725904928,1.95,403.529837833562,2.51,0.10268695013235878,-0.57
2020-10-29,13282.999348292438,-2.8,11.45714582916199,-4.5,388.87733988207765,-3.77,0.09894440345935084,-3.78
2020-10-30,13441.878496031612,1.18,11.27095007639395,-1.65,386.4460129872924,-0.63,0.09526656084285419,-3.86
2020-10-31,13537.174271524887,0.7,11.074030000827875,-1.78,382.9007710380906,-0.93,0.09319045908493369,-2.23
2020-11-01,13778.637638352931,1.75,11.225566467836583,1.35,385.8445887975079,0.76,0.09286959263589264,-0.35
2020-11-02,13720.361465146289,-0.42,11.536350682106278,2.69,394.9363420491719,2.3,0.09774698991267801,4.99
2020-11-03,13558.361795524168,-1.19,10.815910199189663,-6.66,383.8498034220404,-2.89,0.09245315428693958,-5.73
2020-11-04,13989.976358180447,3.09,10.403416438337368,-3.96,387.616373722075,0.97,0.09363108074309147,1.26
2020-11-05,14101.716050813722,0.79,10.461191905192456,0.55,401.7330968324722,3.51,0.09537743761032992,1.83
2020-11-06,15553.331701081443,9.33,11.016616909621364,5.04,415.9277704309719,3.41,0.09750582263266826,2.18
2020-11-07,15548.312145063144,-0.03,12.163302398027078,9.43,454.6515430984697,8.52,0.10889010252200101,10.45
2020-11-08,14818.45891122149,-4.93,11.794542923533793,-3.13,435.4183540833094,-4.42,0.10135335959810736,-7.44
2020-11-09,15496.316149147417,4.37,12.746094928454907,7.47,455.3583669721691,4.38,0.10639524787907102,4.74
2020-11-10,15335.342198178862,-1.05,12.513289935346272,-1.86,445.0512933420698,-2.32,0.10536606593238362,-0.98
2020-11-11,15278.70965979927,-0.37,12.98177237849837,3.61,449.8161845012962,1.06,0.10562814231721475,0.25
2020-11-12,15686.905986213233,2.6,12.798280239917224,-1.43,463.18087172032307,2.89,0.10580327053440874,0.17
2020-11-13,16265.149252483357,3.56,12.408825110354654,-3.14,462.2056195794902,-0.21,0.10437917506429249,-1.36
2020-11-14,16326.81487507908,0.38,12.879992578521186,3.66,475.9690936576015,2.89,0.10630123438366175,1.81
2020-11-15,16095.561510630652,-1.44,12.587187919905697,-2.33,462.7183970607933,-2.86,0.10430680876088493,-1.91
2020-11-16,15984.673784156614,-0.69,12.13811311359062,-3.7,449.2068016397434,-3.01,0.10073652624425576,-3.54
2020-11-17,16714.40386322188,4.37,12.58659829206728,3.56,461.3711967052673,2.64,0.10390459523039743,3.05
2020-11-18,17651.82042768171,5.31,13.221662034579085,4.8,482.1983847235396,4.32,0.1094852464363196,5.1
2020-11-19,17829.934958345126,1.0,13.55140948608293,2.43,479.43766136247405,-0.58,0.10676304287616935,-2.55
2020-11-20,17819.75743096837,-0.06,13.614643594746381,0.46,471.31795839441156,-1.72,0.10580308745480436,-0.91
2020-11-21,18628.813489036198,4.34,14.069233119515133,3.23,508.79221458524455,7.37,0.1176356652567512,10.06
2020-11-22,18689.528655825852,0.32,15.392483139846679,8.6,548.842116249849,7.3,0.13273132188323303,11.37
2020-11-23,18390.61184379203,-1.63,14.5328808967183,-5.91,560.5088874583059,2.08,0.14527293189697002,8.63
2020-11-24,18360.693300385865,-0.16,15.238156210316262,4.63,608.2733109189421,7.85,0.15357163877237542,5.4
2020-11-25,19091.524181728702,3.83,15.568297989125407,2.12,602.6662623938871,-0.93,0.1667999803907806,7.93
2020-11-26,18753.288921684914,-1.8,14.242804329645983,-9.31,568.2751530404493,-6.05,0.155687562647238,-7.14
2020-11-27,17138.029512395206,-9.43,12.592984388499563,-13.1,518.4670452162002,-9.61,0.13746123800447346,-13.26
2020-11-28,17140.27555252362,0.01,12.534539351014743,-0.47,517.5530264056014,-0.18,0.14063947526168993,2.26
2020-11-29,17718.972832629497,3.27,13.070990922202325,4.1,537.3926120944484,3.69,0.16471768109030216,14.62
2020-11-30,18169.95420978285,2.48,13.324814031708721,1.9,574.7511196548439,6.5,0.16640238714566252,1.01
2020-12-01,19609.52143957559,7.34,14.208179269907614,6.22,612.2637856122055,6.13,0.17050059426844394,2.4
2020-12-02,18857.417371118165,-3.99,13.401952814427798,-6.02,589.5818443540976,-3.85,0.15621673213950765,-9.14
2020-12-03,19208.398191994624,1.83,13.991347851797826,4.21,598.760610095824,1.53,0.1589713044398139,1.73
2020-12-04,19435.20484740911,1.17,13.969141625992277,-0.16,616.506661565682,2.88,0.1640449778416628,3.09
2020-12-05,18711.226549886927,-3.87,12.785643569686847,-9.26,571.1904316349736,-7.93,0.14905487309269666,-10.06
2020-12-06,19139.111575237486,2.24,13.165453065146213,2.88,595.9194139680376,4.15,0.1595540768382783,6.58
2020-12-07,19325.55411859109,0.96,13.472418616412462,2.28,601.9689349244918,1.0,0.15864407111439532,-0.57
2020-12-08,19198.806493935343,-0.66,13.075995190359299,-3.03,592.3865066820175,-1.62,0.1541612220757159,-2.91
2020-12-09,18336.514581297808,-4.7,12.140863971858122,-7.7,554.329674302381,-6.87,0.14134787188137238,-9.07
2020-12-10,18564.986455688137,1.23,12.658832853842961,4.09,573.8953091099941,3.41,0.14824925464106553,4.66
2020-12-11,18262.058384653155,-1.66,11.940113473668701,-6.02,560.4542654076048,-2.4,0.1421819715953808,-4.27
2020-12-12,18058.027339569555,-1.13,11.685797356314973,-2.18,545.9828352633687,-2.65,0.139701439625223,-1.78
2020-12-13,18807.09540322016,3.98,12.203115633146773,4.24,568.3587534073821,3.94,0.14423279338740513,3.14
2020-12-14,19151.13442340493,1.8,12.928325936754224,5.61,590.3244403029342,3.72,0.15385145330936753,6.25
2020-12-15,19259.97047153096,0.57,12.817546376556065,-0.86,585.5418949360015,-0.82,0.1577037017752295,2.44
2020-12-16,19432.362456862407,0.89,12.705361069269891,-0.88,589.0668316450424,0.6,0.15412399322845466,-2.32
2020-12-17,21317.66213678684,8.84,13.448572192676423,5.53,635.9618893796135,7.37,0.1676352256301242,8.06
2020-12-18,22805.65580598891,6.52,13.4732296666576,0.18,644.0652701929779,1.26,0.16336554662335556,-2.61
2020-12-19,23120.57055156752,1.36,13.492768582313635,0.14,654.4204162965752,1.58,0.16497009597169981,0.97
2020-12-20,23863.85484171969,3.11,13.484160089387005,-0.06,659.3188076372094,0.74,0.16472587158747462,-0.15
2020-12-21,23518.31842054723,-1.47,13.074164068772017,-3.14,639.5154368778184,-3.1,0.16204943128942723,-1.65
2020-12-22,22840.991707188354,-2.97,12.354972068780933,-5.82,610.4270278980672,-4.77,0.15369140336200576,-5.44
2020-12-23,23794.79330262859,4.01,12.819472391462604,3.62,634.9797234431858,3.87,0.15707978399473488,2.16
2020-12-24,23308.12723217715,-2.09,11.22856604281105,-14.17,587.9588954992439,-8.0,0.1384300242564514,-13.47
2020-12-25,23760.287048542956,1.9,11.584572805012217,3.07,612.8796570505974,4.07,0.15286836000591694,9.44
2020-12-26,24671.107714415415,3.69,11.554056259305733,-0.26,626.4567387784558,2.17,0.15734710950345682,2.85
2020-12-27,26476.130137019492,6.82,10.991888652743658,-5.11,636.7423171944997,1.62,0.15833088439062232,0.62
2020-12-28,26423.22879190229,-0.2,12.216958735263965,10.03,689.6598573269875,7.67,0.1549701235272453,-2.17
2020-12-29,27125.384120651503,2.59,12.670463355940075,3.58,732.9570292975275,5.91,0.1776971739574475,12.79
2020-12-30,27424.538954606684,1.09,11.787094111189663,-7.49,735.5908981625738,0.36,0.1928756629935067,7.87
2020-12-31,28837.28852895899,4.9,11.267102015910682,-4.62,752.8559324490188,2.29,0.18449303575089104,-4.54
2021-01-01,29022.41839530417,0.64,11.25321828571232,-0.12,738.6169381520413,-1.93,0.18207113290025115,-1.33
2021-01-02,29352.12679194895,1.12,11.855183198692153,5.08,730.1473402196374,-1.16,0.17567857930628164,-3.64
2021-01-03,32163.824935335215,8.74,12.215407380146846,2.95,777.6960653039432,6.11,0.17818495253814118,1.41
2021-01-04,33008.226203489285,2.56,13.649759488970336,10.51,967.0005967288458,19.58,0.20503724018152042,13.1
2021-01-05,31515.575966658354,-4.74,13.312713509831898,-2.53,1025.6547675669035,5.72,0.2188884921904594,6.33
2021-01-06,34082.20604904424,7.53,14.575730987859806,8.67,1103.3582516225742,7.04,0.2592124040314695,15.56
2021-01-07,36933.520137309126,7.72,17.133775411659744,14.93,1208.5750928728885,8.71,0.33184097349646713,21.89
2021-01-08,39547.08408135567,6.61,16.05629436783594,-6.71,1229.4713150147782,1.7,0.3005428519135833,-10.41
2021-01-09,40815.96185478254,3.11,15.289228334622102,-5.02,1223.7296883535275,-0.47,0.30794772938923115,2.4
2021-01-10,40296.5290038294,-1.29,17.684851113950348,13.55,1282.979575527323,4.62,0.33306999365805395,7.54
2021-01-11,38397.895985418174,-4.94,16.268787451237912,-8.7,1267.7310031512136,-1.2,0.306214441004005,-8.77
2021-01-12,35669.90668663349,-7.65,14.527894528176326,-11.98,1092.9143378806064,-16.0,0.27651184814117397,-10.74
2021-01-13,33938.33587810088,-5.1,13.898650777414703,-4.53,1045.406815230412,-4.54,0.287840175861167,3.94
2021-01-14,37456.00772548642,9.39,15.957004857311738,12.9,1132.0155910164729,7.65,0.31134991468664336,7.55
2021-01-15,39232.74997140346,4.53,17.726316053345872,9.98,1216.9147884634556,6.98,0.3101366394448269,-0.39
2021-01-16,36787.52121668496,-6.65,20.609101429851815,13.99,1171.8600177046465,-3.84,0.30257532244161894,-2.5
2021-01-17,36254.713079410845,-1.47,20.498271918629428,-0.54,1234.6318700828049,5.08,0.3522503951510311,14.1
2021-01-18,35804.263885674685,-1.26,23.302403552266092,12.03,1229.379698072007,-0.43,0.37968796024672974,7.23
2021-01-19,36595.4647692826,2.16,21.970506379977515,-6.06,1255.976691513213,2.12,0.3696509940325456,-2.72
2021-01-20,36104.86385775514,-1.36,20.84292933118054,-5.41,1383.4840902277115,9.22,0.3693457419983242,-0.08
2021-01-21,35587.489202735545,-1.45,21.900367467907678,4.83,1385.8529958752583,0.17,0.3763115739575005,1.85
2021-01-22,30913.695736053804,-15.12,18.470588672879302,-18.57,1122.912432537305,-23.42,0.311240182830754,-20.91
2021-01-23,32957.908782655926,6.2,21.655510549032673,14.71,1236.6834427536564,9.2,0.3511613639040078,11.37
2021-01-24,32068.08737440817,-2.77,24.745835954201077,12.49,1231.176379704471,-0.45,0.3464554739144793,-1.36
2021-01-25,32273.51735032927,0.64,24.685050652516416,-0.25,1392.5397634449737,11.59,0.35209629856051367,1.6
2021-01-26,32375.320062981456,0.31,23.659377402807134,-4.34,1323.4295031020106,-5.22,0.3443612535369296,-2.25
2021-01-27,32582.10944502123,0.63,23.031854761069205,-2.72,1355.233724240999,2.35,0.34389780984225143,-0.13
2021-01-28,30445.52586511351,-7.02,21.05700171187247,-9.38,1253.141671558609,-8.15,0.3123153604650019,-10.11
2021-01-29,33128.34752861149,8.1,23.126473832932714,8.95,1328.773619066556,5.69,0.34463217359695725,9.38
2021-01-30,34150.81876737221,2.99,22.717662253263423,-1.8,1380.2842591352105,3.73,0.3475197098777403,0.83
2021-01-31,34199.51981036302,0.14,23.49899812209637,3.32,1372.427228964234,-0.57,0.36048067269930434,3.6
2021-02-01,33064.78676701507,-3.43,22.592818931413035,-4.01,1317.0474362291777,-4.2,0.34567339342407216,-4.28
2021-02-02,33405.99035714327,1.02,22.81110431935764,0.96,1368.6644548123775,3.77,0.4014135429277523,13.89
2021-02-03,35485.98593382442,5.86,23.695975580122607,3.73,1514.2251957516528,9.61,0.42529320536520604,5.61
2021-02-04,37494.71762460426,5.36,25.07576641456784,5.5,1661.000824367477,8.84,0.44121581461457365,3.61
2021-02-05,36816.50808203406,-1.84,24.48328693553306,-2.42,1587.8008991859367,-4.61,0.4415987967960127,0.09
2021-02-06,38007.83222908396,3.13,26.660717430075128,8.17,1724.8569083393102,7.95,0.5385518589400373,18.0
2021-02-07,39279.41286897885,3.24,25.0724349744217,-6.33,1683.941297865053,-2.43,0.62635697398072,14.02
2021-02-08,38833.34026455532,-1.15,24.739765521880887,-1.34,1608.6405479857196,-4.68,0.6594719394352474,5.02
2021-02-09,46307.57412159395,16.14,25.538722280440833,3.13,1750.997553719215,8.13,0.6873068371578556,4.05
2021-02-10,46569.56483,0.56,27.66886466690488,7.7,1769.053533934599,1.02,0.7059190563060789,2.64
2021-02-11,44848.69344950499,-3.84,26.65958899672877,-3.79,1739.164209004836,-1.72,0.9239854497397343,23.6
2021-02-12,47815.96175554316,6.21,27.763871998933464,3.98,1782.5088691218523,2.43,0.927712152275745,0.4
2021-02-13,47414.1862550079,-0.85,30.57927825496393,9.21,1841.1977507032907,3.19,0.9232752043586164,-0.48
2021-02-14,46941.29208582354,-1.01,33.97473051497765,9.99,1810.8425457323726,-1.68,0.9039954754716988,-2.13
2021-02-15,48607.8745224845,3.43,33.374348257691324,-1.8,1804.9841464366498,-0.32,0.8503794813667799,-6.3
2021-02-16,47898.487027633135,-1.48,32.54802590274118,-2.54,1775.758351701864,-1.65,0.8600617955345385,1.13
2021-02-17,49238.13690672487,2.72,32.00574727841079,-1.69,1782.5753090505934,0.38,0.8746051613561255,1.66
2021-02-18,52143.6788446198,5.57,32.25162970436043,0.76,1845.5739221567521,3.41,0.8887320746562535,1.59
2021-02-19,51733.075539032034,-0.79,32.49662122187919,0.75,1938.5694368074617,4.8,0.9127152054579659,2.63
2021-02-20,56038.72775892988,7.68,34.90034448560798,6.89,1969.9797177628186,1.59,0.9331549494994794,2.19
2021-02-21,56377.63347790987,0.6,34.234837285690624,-1.94,1929.367692879665,-2.1,1.125679550953505,17.1
2021-02-22,57669.3035269179,2.24,34.24783760203491,0.04,1941.4267676797988,0.62,1.1045825826681024,-1.91
2021-02-23,54410.85629451601,-5.99,31.66836123487295,-8.15,1788.6152102806425,-8.54,1.1031371687829759,-0.13
2021-02-24,48691.894831704405,-11.75,25.758910786191365,-22.94,1563.9246059011416,-14.37,0.9557803324164977,-15.42
2021-02-25,49849.378713583144,2.32,28.1582136256997,8.52,1628.391533792655,3.96,1.0588493273684532,9.73
2021-02-26,46992.665450048495,-6.08,24.69332753154624,-14.03,1468.8601037286776,-10.86,1.0769141206846373,1.68
