,price
2015-08-07 00:00:00.000,2.83162
2015-08-08 00:00:00.000,1.33075
2015-08-10 00:00:00.000,0.6875857090838133
2015-08-11 00:00:00.000,1.067378879429946
2015-08-12 00:00:00.000,1.256613175101658
2015-08-13 00:00:00.000,1.825395446319752
2015-08-14 00:00:00.000,1.825974891355639
2015-08-15 00:00:00.000,1.670949668937766
2015-08-16 00:00:00.000,1.476607254205028
2015-08-17 00:00:00.000,1.20387143115441
2015-08-18 00:00:00.000,1.281393051659975
2015-08-19 00:00:00.000,1.252738651679077
2015-08-20 00:00:00.000,1.484195074171873
2015-08-21 00:00:00.000,1.40631477379752
2015-08-22 00:00:00.000,1.380721536476638
2015-08-23 00:00:00.000,1.355182100454404
2015-08-24 00:00:00.000,1.24657168269902
2015-08-25 00:00:00.000,1.160828327907264
2015-08-26 00:00:00.000,1.119639156482987
2015-08-27 00:00:00.000,1.133690694008804
2015-08-28 00:00:00.000,1.188895698722608
2015-08-29 00:00:00.000,1.174343905252208
2015-08-30 00:00:00.000,1.322350879918967
2015-08-31 00:00:00.000,1.353368417391325
2015-09-01 00:00:00.000,1.350786688734447
2015-09-02 00:00:00.000,1.278810765308764
2015-09-03 00:00:00.000,1.262770719520856
2015-09-04 00:00:00.000,1.269520099878085
2015-09-05 00:00:00.000,1.334976229386974
2015-09-06 00:00:00.000,1.29888313413515
2015-09-07 00:00:00.000,1.256223439965584
2015-09-08 00:00:00.000,1.236033260936938
2015-09-09 00:00:00.000,1.206529945086729
2015-09-10 00:00:00.000,1.167234841402144
2015-09-11 00:00:00.000,0.9765090926915041
2015-09-12 00:00:00.000,1.038203585306107
2015-09-13 00:00:00.000,0.9386521502557871
2015-09-14 00:00:00.000,0.87402296242848
2015-09-15 00:00:00.000,0.9418231857274298
2015-09-16 00:00:00.000,0.9032199195724051
2015-09-17 00:00:00.000,0.8830787289063511
2015-09-18 00:00:00.000,0.8460709193872474
2015-09-19 00:00:00.000,0.8821037996855977
2015-09-20 00:00:00.000,0.9363277614869444
2015-09-21 00:00:00.000,0.9010928790890973
2015-09-22 00:00:00.000,0.8971422650551497
2015-09-23 00:00:00.000,0.8940475222994914
2015-09-24 00:00:00.000,0.8160373080893036
2015-09-25 00:00:00.000,0.7405192998515878
2015-09-26 00:00:00.000,0.7778014991497727
2015-09-27 00:00:00.000,0.7213584231130563
2015-09-28 00:00:00.000,0.5830570046974366
2015-09-29 00:00:00.000,0.657832489515796
2015-09-30 00:00:00.000,0.7347630535971914
2015-10-01 00:00:00.000,0.6858121897138929
2015-10-02 00:00:00.000,0.6762217338750541
2015-10-03 00:00:00.000,0.6874757575411915
2015-10-04 00:00:00.000,0.6675468579375702
2015-10-05 00:00:00.000,0.6282550742429386
2015-10-06 00:00:00.000,0.64565776230867
2015-10-07 00:00:00.000,0.6100126973575233
2015-10-08 00:00:00.000,0.6234833021554507
2015-10-09 00:00:00.000,0.650768764684828
2015-10-10 00:00:00.000,0.6297949417268295
2015-10-11 00:00:00.000,0.6370439806918999
2015-10-12 00:00:00.000,0.628787281832734
2015-10-13 00:00:00.000,0.6026272723327593
2015-10-14 00:00:00.000,0.517689435598842
2015-10-15 00:00:00.000,0.5614990042588522
2015-10-16 00:00:00.000,0.5331480200007419
2015-10-17 00:00:00.000,0.5490283089973744
2015-10-18 00:00:00.000,0.5184445473595721
2015-10-19 00:00:00.000,0.4870672984193326
2015-10-20 00:00:00.000,0.4329785990312485
2015-10-21 00:00:00.000,0.4397689744048958
2015-10-22 00:00:00.000,0.5654615066780281
2015-10-23 00:00:00.000,0.540737766800056
2015-10-24 00:00:00.000,0.5685737685118122
2015-10-25 00:00:00.000,0.6319388092249569
2015-10-26 00:00:00.000,0.7439579097275092
2015-10-27 00:00:00.000,0.8544552504832845
2015-10-28 00:00:00.000,1.010409721259424
2015-10-29 00:00:00.000,1.163748635576317
2015-10-30 00:00:00.000,1.041849054896385
2015-10-31 00:00:00.000,0.9070916284167455
2015-11-01 00:00:00.000,1.058541941291151
2015-11-02 00:00:00.000,0.9550458603200441
2015-11-03 00:00:00.000,1.002344802929553
2015-11-04 00:00:00.000,0.9018086605486009
2015-11-05 00:00:00.000,0.906601136813436
2015-11-06 00:00:00.000,0.9094421987209234
2015-11-07 00:00:00.000,0.922482091197951
2015-11-08 00:00:00.000,1.030499514179018
2015-11-09 00:00:00.000,0.9958029845225516
2015-11-10 00:00:00.000,0.9348342219016499
2015-11-11 00:00:00.000,0.7887611772679245
2015-11-12 00:00:00.000,0.90074206650109
2015-11-13 00:00:00.000,0.9040815579448993
2015-11-14 00:00:00.000,0.8842289054037304
2015-11-15 00:00:00.000,0.9108255481961639
2015-11-16 00:00:00.000,0.9338407839578461
2015-11-17 00:00:00.000,0.9952733578828389
2015-11-18 00:00:00.000,0.9944285799213992
2015-11-19 00:00:00.000,0.9514712892422663
2015-11-20 00:00:00.000,0.9268031189591781
2015-11-21 00:00:00.000,0.9735724342696529
2015-11-22 00:00:00.000,0.96473853235469
2015-11-23 00:00:00.000,0.9452203362307195
2015-11-24 00:00:00.000,0.8993611354663962
2015-11-25 00:00:00.000,0.8677070917677269
2015-11-26 00:00:00.000,0.8948747707881739
2015-11-27 00:00:00.000,0.8707128002545287
2015-11-28 00:00:00.000,0.9173987754375574
2015-11-29 00:00:00.000,0.8717449537893333
2015-11-30 00:00:00.000,0.8736009320890139
2015-12-01 00:00:00.000,0.8750039976447704
2015-12-02 00:00:00.000,0.8227337811375524
2015-12-03 00:00:00.000,0.8247651888810106
2015-12-04 00:00:00.000,0.8387909512811372
2015-12-05 00:00:00.000,0.8645837297560469
2015-12-06 00:00:00.000,0.8349924869606098
2015-12-07 00:00:00.000,0.8007502839259887
2015-12-08 00:00:00.000,0.8188527088752511
2015-12-09 00:00:00.000,0.7918293483107267
2015-12-10 00:00:00.000,0.8474422420390545
2015-12-11 00:00:00.000,0.9167389424445134
2015-12-12 00:00:00.000,0.9712583097472548
2015-12-13 00:00:00.000,0.9583031735578238
2015-12-14 00:00:00.000,0.9954898346339888
2015-12-15 00:00:00.000,1.0170637001075
2015-12-16 00:00:00.000,0.9889124423815733
2015-12-17 00:00:00.000,0.9402283251940493
2015-12-18 00:00:00.000,0.9211717831099321
2015-12-19 00:00:00.000,0.9096329169325174
2015-12-20 00:00:00.000,0.9032316429089903
2015-12-21 00:00:00.000,0.8968062870238118
2015-12-22 00:00:00.000,0.8789593130596947
2015-12-23 00:00:00.000,0.8675654552724993
2015-12-24 00:00:00.000,0.861363016488459
2015-12-25 00:00:00.000,0.8707183439745884
2015-12-26 00:00:00.000,0.8530178649009634
2015-12-27 00:00:00.000,0.8588870868776094
2015-12-28 00:00:00.000,0.8421696130307879
2015-12-29 00:00:00.000,0.8694878107781919
2015-12-30 00:00:00.000,0.9003543017405369
2015-12-31 00:00:00.000,0.9365399677803522
2016-01-01 00:00:00.000,0.9463133430749894
2016-01-02 00:00:00.000,0.9381261621726148
2016-01-03 00:00:00.000,0.9721969755035614
2016-01-04 00:00:00.000,0.9592978352147374
2016-01-05 00:00:00.000,0.9531022411427653
2016-01-06 00:00:00.000,0.9684340117908705
2016-01-07 00:00:00.000,0.9589767803876823
2016-01-08 00:00:00.000,0.9955747811931686
2016-01-09 00:00:00.000,1.02478096778813
2016-01-10 00:00:00.000,1.01996585607406
2016-01-11 00:00:00.000,1.068726621062779
2016-01-12 00:00:00.000,1.167362900827917
2016-01-13 00:00:00.000,1.12958834642001
2016-01-14 00:00:00.000,1.157377553252501
2016-01-15 00:00:00.000,1.21073546288485
2016-01-16 00:00:00.000,1.215691295024754
2016-01-17 00:00:00.000,1.321855711753408
2016-01-18 00:00:00.000,1.39830112692888
2016-01-19 00:00:00.000,1.3769900190471
2016-01-20 00:00:00.000,1.565411904541257
2016-01-21 00:00:00.000,1.544691862235827
2016-01-22 00:00:00.000,1.471341822504971
2016-01-23 00:00:00.000,1.692156284936261
2016-01-24 00:00:00.000,2.131691495370684
2016-01-25 00:00:00.000,2.48139608647395
2016-01-26 00:00:00.000,2.086782726986503
2016-01-27 00:00:00.000,2.384501158704437
2016-01-28 00:00:00.000,2.519719734523484
2016-01-29 00:00:00.000,2.486203232055895
2016-01-30 00:00:00.000,2.437601273512591
2016-01-31 00:00:00.000,2.298766557449123
2016-02-01 00:00:00.000,2.221883059355513
2016-02-02 00:00:00.000,2.403111855327034
2016-02-03 00:00:00.000,2.515949933456795
2016-02-04 00:00:00.000,2.557178944302694
2016-02-05 00:00:00.000,2.532878565491474
2016-02-06 00:00:00.000,2.517776369343559
2016-02-07 00:00:00.000,2.950776113177157
2016-02-08 00:00:00.000,3.165335693696386
2016-02-09 00:00:00.000,3.720453286688504
2016-02-10 00:00:00.000,4.427431437703359
2016-02-11 00:00:00.000,6.005000308112697
2016-02-12 00:00:00.000,5.475649283683189
2016-02-13 00:00:00.000,5.373284921940013
2016-02-14 00:00:00.000,5.169512436402438
2016-02-15 00:00:00.000,5.319058286377442
2016-02-16 00:00:00.000,4.368970122064963
2016-02-17 00:00:00.000,3.744022470740231
2016-02-18 00:00:00.000,4.397939042003922
2016-02-19 00:00:00.000,4.493895382965731
2016-02-20 00:00:00.000,4.301875677560981
2016-02-21 00:00:00.000,4.653970273276003
2016-02-22 00:00:00.000,5.608714257576696
2016-02-23 00:00:00.000,5.612091439849516
2016-02-24 00:00:00.000,6.134381259039694
2016-02-25 00:00:00.000,5.93625743323269
2016-02-26 00:00:00.000,5.897351626440898
2016-02-27 00:00:00.000,6.357091762158404
2016-02-28 00:00:00.000,6.440650848847282
2016-02-29 00:00:00.000,6.312028458049726
2016-03-01 00:00:00.000,7.560157049617909
2016-03-02 00:00:00.000,8.398318163034869
2016-03-03 00:00:00.000,9.504937042998197
2016-03-04 00:00:00.000,10.03776475108964
2016-03-05 00:00:00.000,10.93519773927983
2016-03-06 00:00:00.000,10.96466178163567
2016-03-07 00:00:00.000,9.397469868813554
2016-03-08 00:00:00.000,9.800690787314164
2016-03-09 00:00:00.000,11.97157975649351
2016-03-10 00:00:00.000,11.2064229700308
2016-03-11 00:00:00.000,11.20893669288255
2016-03-12 00:00:00.000,13.37620667356022
2016-03-13 00:00:00.000,14.89359978457807
2016-03-14 00:00:00.000,12.28982460670519
2016-03-15 00:00:00.000,12.966897673599
2016-03-16 00:00:00.000,12.52943314528079
2016-03-17 00:00:00.000,10.956232214701
2016-03-18 00:00:00.000,10.79765033887468
2016-03-19 00:00:00.000,10.43953586817164
2016-03-20 00:00:00.000,10.21749097388716
2016-03-21 00:00:00.000,11.85112269425594
2016-03-22 00:00:00.000,11.31742767517068
2016-03-23 00:00:00.000,12.40319150724304
2016-03-24 00:00:00.000,11.12762218636002
2016-03-25 00:00:00.000,10.64069143211582
2016-03-26 00:00:00.000,10.96552244468764
2016-03-27 00:00:00.000,10.37751681820161
2016-03-28 00:00:00.000,11.67625154039094
2016-03-29 00:00:00.000,11.73817083046575
2016-03-30 00:00:00.000,11.88228675953419
2016-03-31 00:00:00.000,11.35463054290018
2016-04-01 00:00:00.000,11.63607180334684
2016-04-02 00:00:00.000,11.5639776320382
2016-04-03 00:00:00.000,11.51238012010477
2016-04-04 00:00:00.000,11.18688123888369
2016-04-05 00:00:00.000,10.41948468988903
2016-04-06 00:00:00.000,10.66622342007389
2016-04-07 00:00:00.000,10.0295684039377
2016-04-08 00:00:00.000,9.758944911021473
2016-04-09 00:00:00.000,9.899719595415823
2016-04-10 00:00:00.000,8.814617175830122
2016-04-11 00:00:00.000,8.66829211893249
2016-04-12 00:00:00.000,7.51681223420342
2016-04-13 00:00:00.000,8.015604593105122
2016-04-14 00:00:00.000,8.43365602127963
2016-04-15 00:00:00.000,8.20613745870167
2016-04-16 00:00:00.000,8.555981966976974
2016-04-17 00:00:00.000,9.323170276346234
2016-04-18 00:00:00.000,8.960482405053712
2016-04-19 00:00:00.000,8.696773038727313
2016-04-20 00:00:00.000,8.484150722584234
2016-04-21 00:00:00.000,8.11104074507033
2016-04-22 00:00:00.000,7.855106665179344
2016-04-23 00:00:00.000,8.377192623957283
2016-04-24 00:00:00.000,7.995361207240304
2016-04-25 00:00:00.000,7.812751656077315
2016-04-26 00:00:00.000,7.424663266229029
2016-04-27 00:00:00.000,7.724694549946334
2016-04-28 00:00:00.000,7.250216005225782
2016-04-29 00:00:00.000,7.47581760975781
2016-04-30 00:00:00.000,8.892970091837213
2016-05-01 00:00:00.000,8.832454372832895
2016-05-02 00:00:00.000,10.10782116866719
2016-05-03 00:00:00.000,9.285335810954495
2016-05-04 00:00:00.000,9.414136136064808
2016-05-05 00:00:00.000,9.827130178456441
2016-05-06 00:00:00.000,9.277042146778028
2016-05-07 00:00:00.000,9.381202893584621
2016-05-08 00:00:00.000,9.52920206226682
2016-05-09 00:00:00.000,9.353276545574158
2016-05-10 00:00:00.000,9.350283703928604
2016-05-11 00:00:00.000,9.981302920467385
2016-05-12 00:00:00.000,10.091492287586432
2016-05-13 00:00:00.000,10.585661577212786
2016-05-14 00:00:00.000,10.176098567981153
2016-05-15 00:00:00.000,9.960446892869543
2016-05-16 00:00:00.000,11.1336459827202
2016-05-17 00:00:00.000,12.157137161266911
2016-05-18 00:00:00.000,13.35361430554958
2016-05-19 00:00:00.000,14.71832475600216
2016-05-20 00:00:00.000,13.69368343400459
2016-05-21 00:00:00.000,13.99924843857703
2016-05-22 00:00:00.000,14.248986066415835
2016-05-23 00:00:00.000,13.23503660198636
2016-05-24 00:00:00.000,12.66434299000911
2016-05-25 00:00:00.000,12.50426452924122
2016-05-26 00:00:00.000,12.498353409631168
2016-05-27 00:00:00.000,11.19174476153149
2016-05-28 00:00:00.000,11.76324560569715
2016-05-29 00:00:00.000,12.38905213533701
2016-05-30 00:00:00.000,12.67843106889236
2016-05-31 00:00:00.000,14.00927375901662
2016-06-01 00:00:00.000,13.857937834861247
2016-06-02 00:00:00.000,13.77433887468257
2016-06-03 00:00:00.000,13.8427358773047
2016-06-04 00:00:00.000,13.697394260187224
2016-06-05 00:00:00.000,13.970529067786634
2016-06-06 00:00:00.000,13.942005553967727
2016-06-07 00:00:00.000,14.549216948648322
2016-06-08 00:00:00.000,14.43177555298705
2016-06-09 00:00:00.000,14.44062374394472
2016-06-10 00:00:00.000,13.943733928604544
2016-06-11 00:00:00.000,13.960460970231287
2016-06-12 00:00:00.000,15.697007269686255
2016-06-13 00:00:00.000,17.55275028575095
2016-06-14 00:00:00.000,18.770374371361417
2016-06-15 00:00:00.000,18.421853687438038
2016-06-16 00:00:00.000,20.509400413759888
2016-06-17 00:00:00.000,15.397397817568129
2016-06-18 00:00:00.000,11.197136666677007
2016-06-19 00:00:00.000,12.23058702890821
2016-06-20 00:00:00.000,11.814834520499266
2016-06-21 00:00:00.000,12.984597875196858
2016-06-22 00:00:00.000,12.737756210638716
2016-06-23 00:00:00.000,13.676478995775716
2016-06-24 00:00:00.000,13.94189690132606
2016-06-25 00:00:00.000,14.276287720956573
2016-06-26 00:00:00.000,13.845029961871877
2016-06-27 00:00:00.000,13.932543491059052
2016-06-28 00:00:00.000,12.295660556232374
2016-06-29 00:00:00.000,12.800496100256193
2016-06-30 00:00:00.000,13.33562669996461
2016-07-01 00:00:00.000,12.329645963731734
2016-07-02 00:00:00.000,12.01798250397972
2016-07-03 00:00:00.000,11.825161030775883
2016-07-04 00:00:00.000,11.421738727166776
2016-07-05 00:00:00.000,10.540860504216047
2016-07-06 00:00:00.000,10.51055993812399
2016-07-07 00:00:00.000,10.098931265626275
2016-07-08 00:00:00.000,11.39547874677082
2016-07-09 00:00:00.000,10.99572234732321
2016-07-10 00:00:00.000,10.957294339543301
2016-07-11 00:00:00.000,10.515451706239658
2016-07-12 00:00:00.000,10.606193607117202
2016-07-13 00:00:00.000,10.489054686552203
2016-07-14 00:00:00.000,11.242970957141127
2016-07-15 00:00:00.000,11.32509705331988
2016-07-16 00:00:00.000,11.701716015155743
2016-07-17 00:00:00.000,11.314787410063753
2016-07-18 00:00:00.000,11.022556335862294
2016-07-19 00:00:00.000,11.582501423627564
2016-07-20 00:00:00.000,12.152788273478947
2016-07-21 00:00:00.000,12.605917129706976
2016-07-22 00:00:00.000,14.319877369541702
2016-07-23 00:00:00.000,14.389725342721574
2016-07-24 00:00:00.000,12.803851809790078
2016-07-25 00:00:00.000,13.816630680711038
2016-07-26 00:00:00.000,11.771641757280554
2016-07-27 00:00:00.000,12.96633340222508
2016-07-28 00:00:00.000,12.883149607897323
2016-07-29 00:00:00.000,12.840037637363167
2016-07-30 00:00:00.000,12.547081780784822
2016-07-31 00:00:00.000,11.868408414551208
2016-08-01 00:00:00.000,10.968397852276404
2016-08-02 00:00:00.000,8.352592747838974
2016-08-03 00:00:00.000,10.22174781589873
2016-08-04 00:00:00.000,11.032160216870203
2016-08-05 00:00:00.000,10.940014108153814
2016-08-06 00:00:00.000,10.898636348546457
2016-08-07 00:00:00.000,10.920308055489057
2016-08-08 00:00:00.000,11.245805121088916
2016-08-09 00:00:00.000,12.191218707659688
2016-08-10 00:00:00.000,12.141222798878122
2016-08-11 00:00:00.000,11.988140188861896
2016-08-12 00:00:00.000,11.973720126245913
2016-08-13 00:00:00.000,11.577472667681942
2016-08-14 00:00:00.000,11.25990352208696
2016-08-15 00:00:00.000,11.230807046622242
2016-08-16 00:00:00.000,10.25082244872534
2016-08-17 00:00:00.000,10.73534634440297
2016-08-18 00:00:00.000,10.724216809737694
2016-08-19 00:00:00.000,10.718344718920152
2016-08-20 00:00:00.000,11.262754476834717
2016-08-21 00:00:00.000,11.154044310153234
2016-08-22 00:00:00.000,11.061377388887204
2016-08-23 00:00:00.000,11.012543081655863
2016-08-24 00:00:00.000,11.013811994175523
2016-08-25 00:00:00.000,11.339127441192723
2016-08-26 00:00:00.000,11.256812662022648
2016-08-27 00:00:00.000,11.14950758737516
2016-08-28 00:00:00.000,10.91304107690759
2016-08-29 00:00:00.000,10.906290588906247
2016-08-30 00:00:00.000,11.210877311518441
2016-08-31 00:00:00.000,11.49662475092663
2016-09-01 00:00:00.000,12.002877477501157
2016-09-02 00:00:00.000,12.09104280233147
2016-09-03 00:00:00.000,11.797585220569804
2016-09-04 00:00:00.000,11.662579543984544
2016-09-05 00:00:00.000,11.751897477880805
2016-09-06 00:00:00.000,11.684755437748173
2016-09-07 00:00:00.000,11.550025415616256
2016-09-08 00:00:00.000,11.33639873415642
2016-09-09 00:00:00.000,11.63011682103449
2016-09-10 00:00:00.000,12.117830861883727
2016-09-11 00:00:00.000,11.59605624659764
2016-09-12 00:00:00.000,11.84714198083278
2016-09-13 00:00:00.000,11.881729455789054
2016-09-14 00:00:00.000,11.912008011075965
2016-09-15 00:00:00.000,11.901478405174705
2016-09-16 00:00:00.000,12.522369283417852
2016-09-17 00:00:00.000,12.68454280449742
2016-09-18 00:00:00.000,12.369052139120052
2016-09-19 00:00:00.000,13.160168063025644
2016-09-20 00:00:00.000,14.308046581659253
2016-09-21 00:00:00.000,13.705179799911743
2016-09-22 00:00:00.000,13.233802742993412
2016-09-23 00:00:00.000,13.318993324210759
2016-09-24 00:00:00.000,12.859605765847848
2016-09-25 00:00:00.000,13.045598643367276
2016-09-26 00:00:00.000,12.818746399021148
2016-09-27 00:00:00.000,13.074726797493888
2016-09-28 00:00:00.000,13.313989439262565
2016-09-29 00:00:00.000,13.09665700624727
2016-09-30 00:00:00.000,13.194818155480155
2016-10-01 00:00:00.000,13.269827224677638
2016-10-02 00:00:00.000,13.197909934562759
2016-10-03 00:00:00.000,13.470600090767412
2016-10-04 00:00:00.000,13.261962214071206
2016-10-05 00:00:00.000,13.056650848974803
2016-10-06 00:00:00.000,12.826128461125474
2016-10-07 00:00:00.000,12.655679278508105
2016-10-08 00:00:00.000,12.175874962913426
2016-10-09 00:00:00.000,12.029519227976937
2016-10-10 00:00:00.000,11.837832089591664
2016-10-11 00:00:00.000,11.750267273762638
2016-10-12 00:00:00.000,11.854687660404304
2016-10-13 00:00:00.000,11.96064220847878
2016-10-14 00:00:00.000,11.916089474549377
2016-10-15 00:00:00.000,11.944605165006873
2016-10-16 00:00:00.000,11.930313388885365
2016-10-17 00:00:00.000,11.974984398539725
2016-10-18 00:00:00.000,12.509511262679014
2016-10-19 00:00:00.000,11.973806158360992
2016-10-20 00:00:00.000,12.016522079125743
2016-10-21 00:00:00.000,12.090575972840435
2016-10-22 00:00:00.000,12.045038278304451
2016-10-23 00:00:00.000,11.933800410433603
2016-10-24 00:00:00.000,11.890535450541087
2016-10-25 00:00:00.000,11.272711525960538
2016-10-26 00:00:00.000,11.497257370206905
2016-10-27 00:00:00.000,11.456673402613983
2016-10-28 00:00:00.000,11.523584376027783
2016-10-29 00:00:00.000,10.336819684434698
2016-10-30 00:00:00.000,11.186557158904845
2016-10-31 00:00:00.000,10.88070260049341
2016-11-01 00:00:00.000,10.792187379279612
2016-11-02 00:00:00.000,10.783585401157607
2016-11-03 00:00:00.000,10.811630097854405
2016-11-04 00:00:00.000,11.129995658864795
2016-11-05 00:00:00.000,11.066058259923683
2016-11-06 00:00:00.000,10.920762843886132
2016-11-07 00:00:00.000,10.874200829423744
2016-11-08 00:00:00.000,10.890105501340495
2016-11-09 00:00:00.000,10.664918162834825
2016-11-10 00:00:00.000,10.519281388267027
2016-11-11 00:00:00.000,10.29308735231344
2016-11-12 00:00:00.000,9.664325241310054
2016-11-13 00:00:00.000,10.110719459728225
2016-11-14 00:00:00.000,9.991652804266907
2016-11-15 00:00:00.000,10.200083856801202
2016-11-16 00:00:00.000,10.025367620097992
2016-11-17 00:00:00.000,9.96397798540216
2016-11-18 00:00:00.000,9.453697368045109
2016-11-19 00:00:00.000,9.66730580728121
2016-11-20 00:00:00.000,9.530496491166998
2016-11-21 00:00:00.000,9.575907932522316
2016-11-22 00:00:00.000,9.81249150160966
2016-11-23 00:00:00.000,9.753493133033384
2016-11-24 00:00:00.000,9.180997416192705
2016-11-25 00:00:00.000,9.335116893823114
2016-11-26 00:00:00.000,9.288306186526965
2016-11-27 00:00:00.000,8.907402683417718
2016-11-28 00:00:00.000,8.70845246717361
2016-11-29 00:00:00.000,8.158494315710797
2016-11-30 00:00:00.000,8.650154047457612
2016-12-01 00:00:00.000,8.439785438702646
2016-12-02 00:00:00.000,7.637917965068979
2016-12-03 00:00:00.000,7.892622837022096
2016-12-04 00:00:00.000,7.469132189830329
2016-12-05 00:00:00.000,6.815609222087059
2016-12-06 00:00:00.000,7.631916157246792
2016-12-07 00:00:00.000,8.13507798254848
2016-12-08 00:00:00.000,8.302596338463099
2016-12-09 00:00:00.000,8.504900484563588
2016-12-10 00:00:00.000,8.098585501342257
2016-12-11 00:00:00.000,8.214985823104497
2016-12-12 00:00:00.000,8.472511708508414
2016-12-13 00:00:00.000,8.35100726243699
2016-12-14 00:00:00.000,8.207853104398847
2016-12-15 00:00:00.000,7.770357969755126
2016-12-16 00:00:00.000,7.796626831717168
2016-12-17 00:00:00.000,7.820282701062171
2016-12-18 00:00:00.000,7.856185612715422
2016-12-19 00:00:00.000,7.5922361645492975
2016-12-20 00:00:00.000,7.623783721340898
2016-12-21 00:00:00.000,7.856099400557245
2016-12-22 00:00:00.000,7.575643744053494
2016-12-23 00:00:00.000,7.201805732308588
2016-12-24 00:00:00.000,7.2227628476531995
2016-12-25 00:00:00.000,7.2132341590915585
2016-12-26 00:00:00.000,7.268475378158216
2016-12-27 00:00:00.000,7.171806594177698
2016-12-28 00:00:00.000,7.613307736356936
2016-12-29 00:00:00.000,8.172329056763505
2016-12-30 00:00:00.000,8.15378652716307
2016-12-31 00:00:00.000,8.010852235417396
2017-01-01 00:00:00.000,8.064789989459687
2017-01-02 00:00:00.000,8.361286160728705
2017-01-03 00:00:00.000,9.626792384988086
2017-01-04 00:00:00.000,10.972252853086058
2017-01-05 00:00:00.000,10.115254241883068
2017-01-06 00:00:00.000,10.154658304812745
2017-01-07 00:00:00.000,9.824278869463066
2017-01-08 00:00:00.000,10.267836701334787
2017-01-09 00:00:00.000,10.285955970375603
2017-01-10 00:00:00.000,10.523650713762722
2017-01-11 00:00:00.000,9.661693873756436
2017-01-12 00:00:00.000,9.66715894243992
2017-01-13 00:00:00.000,9.650805118856487
2017-01-14 00:00:00.000,9.695262751794939
2017-01-15 00:00:00.000,9.785923385543578
2017-01-16 00:00:00.000,9.5212839167112
2017-01-17 00:00:00.000,10.258458296131915
2017-01-18 00:00:00.000,10.125537740945934
2017-01-19 00:00:00.000,10.385306173596472
2017-01-20 00:00:00.000,10.549960559535752
2017-01-21 00:00:00.000,10.872633993948424
2017-01-22 00:00:00.000,10.745356049118469
2017-01-23 00:00:00.000,10.751024402450716
2017-01-24 00:00:00.000,10.399087248402381
2017-01-25 00:00:00.000,10.471671231503688
2017-01-26 00:00:00.000,10.555255877288236
2017-01-27 00:00:00.000,10.509979092454431
2017-01-28 00:00:00.000,10.554962953815345
2017-01-29 00:00:00.000,10.430442595335876
2017-01-30 00:00:00.000,10.570411298387052
2017-01-31 00:00:00.000,10.677298023363218
2017-02-01 00:00:00.000,10.700989418222473
2017-02-02 00:00:00.000,10.81046108694813
2017-02-03 00:00:00.000,10.937685579154774
2017-02-04 00:00:00.000,11.33331586102519
2017-02-05 00:00:00.000,11.242238837962214
2017-02-06 00:00:00.000,11.294016130984236
2017-02-07 00:00:00.000,11.433167440255266
2017-02-08 00:00:00.000,11.335153011135779
2017-02-09 00:00:00.000,10.914963949831499
2017-02-10 00:00:00.000,11.275640644361795
2017-02-11 00:00:00.000,11.399125371500645
2017-02-12 00:00:00.000,11.354164564644952
2017-02-13 00:00:00.000,11.281947015245585
2017-02-14 00:00:00.000,12.972145045966517
2017-02-15 00:00:00.000,12.934716009243267
2017-02-16 00:00:00.000,12.835968798993127
2017-02-17 00:00:00.000,12.7034838481457
2017-02-18 00:00:00.000,12.816285332013342
2017-02-19 00:00:00.000,12.775445603327524
2017-02-20 00:00:00.000,12.750223774537398
2017-02-21 00:00:00.000,12.73614094049859
2017-02-22 00:00:00.000,12.600296405431427
2017-02-23 00:00:00.000,13.15516545737877
2017-02-24 00:00:00.000,13.071871231178674
2017-02-25 00:00:00.000,13.546938608109645
2017-02-26 00:00:00.000,14.547676188997867
2017-02-27 00:00:00.000,15.358690360839047
2017-02-28 00:00:00.000,15.702781231900772
2017-03-01 00:00:00.000,17.168029711638418
2017-03-02 00:00:00.000,18.993581792674195
2017-03-03 00:00:00.000,19.58574948053123
2017-03-04 00:00:00.000,18.63867345258356
2017-03-05 00:00:00.000,19.247364659986754
2017-03-06 00:00:00.000,19.670705614004156
2017-03-07 00:00:00.000,18.82733332066123
2017-03-08 00:00:00.000,16.7497435780077
2017-03-09 00:00:00.000,17.632128818481693
2017-03-10 00:00:00.000,19.26359042821057
2017-03-11 00:00:00.000,21.396413225585537
2017-03-12 00:00:00.000,23.09884795827443
2017-03-13 00:00:00.000,28.4460651994335
2017-03-14 00:00:00.000,28.53666459127697
2017-03-15 00:00:00.000,34.19736420741617
2017-03-16 00:00:00.000,39.86185607085268
2017-03-17 00:00:00.000,44.06729598863206
2017-03-18 00:00:00.000,32.26798526618718
2017-03-19 00:00:00.000,44.08879749579081
2017-03-20 00:00:00.000,41.86369288259116
2017-03-21 00:00:00.000,42.47845801399063
2017-03-22 00:00:00.000,41.262612537182946
2017-03-23 00:00:00.000,43.274929979555615
2017-03-24 00:00:00.000,50.894791438930966
2017-03-25 00:00:00.000,50.678966487888445
2017-03-26 00:00:00.000,50.049454214237386
2017-03-27 00:00:00.000,49.017113803037155
2017-03-28 00:00:00.000,50.259542864330534
2017-03-29 00:00:00.000,52.84379426461343
2017-03-30 00:00:00.000,52.313175209019796
2017-03-31 00:00:00.000,49.9646672803426
2017-04-01 00:00:00.000,50.42578760723248
2017-04-02 00:00:00.000,48.37846727683558
2017-04-03 00:00:00.000,43.57923995912754
2017-04-04 00:00:00.000,41.79779504583054
2017-04-05 00:00:00.000,45.590295052351756
2017-04-06 00:00:00.000,42.978525212227865
2017-04-07 00:00:00.000,42.40137665621101
2017-04-08 00:00:00.000,44.501284387189116
2017-04-09 00:00:00.000,44.1907610730727
2017-04-10 00:00:00.000,43.90534128958704
2017-04-11 00:00:00.000,43.85889483882994
2017-04-12 00:00:00.000,46.197883489516954
2017-04-13 00:00:00.000,49.7503375730287
2017-04-14 00:00:00.000,47.56205172159332
2017-04-15 00:00:00.000,49.122793411699824
2017-04-16 00:00:00.000,48.70871927867354
2017-04-17 00:00:00.000,48.34641781155764
2017-04-18 00:00:00.000,50.759170818800456
2017-04-19 00:00:00.000,48.1594963219902
2017-04-20 00:00:00.000,50.065253649182445
2017-04-21 00:00:00.000,48.80173571247641
2017-04-22 00:00:00.000,49.0798706465032
2017-04-23 00:00:00.000,50.60871348408776
2017-04-24 00:00:00.000,51.09741863901202
2017-04-25 00:00:00.000,50.97375547481341
2017-04-26 00:00:00.000,54.87817856677162
2017-04-27 00:00:00.000,63.95735376256868
2017-04-28 00:00:00.000,73.0109629151518
2017-04-29 00:00:00.000,70.45153824766224
2017-04-30 00:00:00.000,79.8025539393512
2017-05-01 00:00:00.000,76.84617780144701
2017-05-02 00:00:00.000,77.34604386935915
2017-05-03 00:00:00.000,80.9294915785314
2017-05-04 00:00:00.000,94.11226519917764
2017-05-05 00:00:00.000,91.16038713753753
2017-05-06 00:00:00.000,96.42767965195394
2017-05-07 00:00:00.000,89.73967947914684
2017-05-08 00:00:00.000,87.94812005196805
2017-05-09 00:00:00.000,87.50244390780135
2017-05-10 00:00:00.000,88.41058886851773
2017-05-11 00:00:00.000,88.45664874349296
2017-05-12 00:00:00.000,88.18109149325619
2017-05-13 00:00:00.000,89.13893167771396
2017-05-14 00:00:00.000,90.05504056395782
2017-05-15 00:00:00.000,90.50413159922428
2017-05-16 00:00:00.000,87.09148558444505
2017-05-17 00:00:00.000,88.21316751381906
2017-05-18 00:00:00.000,96.62584622982801
2017-05-19 00:00:00.000,122.16278299258484
2017-05-20 00:00:00.000,123.02820305804211
2017-05-21 00:00:00.000,148.65732047983943
2017-05-22 00:00:00.000,153.99006380727735
2017-05-23 00:00:00.000,171.08002832171815
2017-05-24 00:00:00.000,190.42581317146121
2017-05-25 00:00:00.000,176.81781507886726
2017-05-26 00:00:00.000,162.94448638549966
2017-05-27 00:00:00.000,159.05524764233746
2017-05-28 00:00:00.000,172.3406699356334
2017-05-29 00:00:00.000,196.0785933386944
2017-05-30 00:00:00.000,230.79837139121355
2017-05-31 00:00:00.000,231.37212671271118
2017-06-01 00:00:00.000,221.82807122254022
2017-06-02 00:00:00.000,224.31670548594502
2017-06-03 00:00:00.000,225.39759443485244
2017-06-04 00:00:00.000,247.4275410848339
2017-06-05 00:00:00.000,248.93012523209245
2017-06-06 00:00:00.000,266.13970806704395
2017-06-07 00:00:00.000,256.21892337063565
2017-06-08 00:00:00.000,260.3415097477362
2017-06-09 00:00:00.000,280.333547997722
2017-06-10 00:00:00.000,337.7921754587072
2017-06-11 00:00:00.000,341.0796489185503
2017-06-12 00:00:00.000,398.4307850845948
2017-06-13 00:00:00.000,389.9448221775502
2017-06-14 00:00:00.000,347.78135772227546
2017-06-15 00:00:00.000,346.36906994261665
2017-06-16 00:00:00.000,358.2845168676378
2017-06-17 00:00:00.000,372.3570110185702
2017-06-18 00:00:00.000,359.4387121135216
2017-06-19 00:00:00.000,362.0442891370599
2017-06-20 00:00:00.000,358.0532310647092
2017-06-21 00:00:00.000,327.8909356942679
2017-06-22 00:00:00.000,326.9598139741636
2017-06-23 00:00:00.000,331.9138051489657
2017-06-24 00:00:00.000,310.05462840596994
2017-06-25 00:00:00.000,288.04702626534885
2017-06-26 00:00:00.000,258.91946273454556
2017-06-27 00:00:00.000,280.8130146788337
2017-06-28 00:00:00.000,317.2936774724324
2017-06-29 00:00:00.000,300.18215256198584
2017-06-30 00:00:00.000,284.69108328848546
2017-07-01 00:00:00.000,262.47807335859795
2017-07-02 00:00:00.000,286.1336070099866
2017-07-03 00:00:00.000,278.5971953381099
2017-07-04 00:00:00.000,269.7366305781692
2017-07-05 00:00:00.000,265.9369454655199
2017-07-06 00:00:00.000,267.4697236476019
2017-07-07 00:00:00.000,241.4766205298395
2017-07-08 00:00:00.000,246.21497097327446
2017-07-09 00:00:00.000,238.75431849081662
2017-07-10 00:00:00.000,210.52819727984127
2017-07-11 00:00:00.000,194.33493649003975
2017-07-12 00:00:00.000,222.13885617231483
2017-07-13 00:00:00.000,206.41325042813503
2017-07-14 00:00:00.000,197.96945236247697
2017-07-15 00:00:00.000,171.77744094493255
2017-07-16 00:00:00.000,156.46899162898947
2017-07-17 00:00:00.000,188.3527773486568
2017-07-18 00:00:00.000,228.50328003667275
2017-07-19 00:00:00.000,199.59051553264698
2017-07-20 00:00:00.000,223.4613483872583
2017-07-21 00:00:00.000,217.08647395834424
2017-07-22 00:00:00.000,231.14352894295098
2017-07-23 00:00:00.000,226.7185992848529
2017-07-24 00:00:00.000,224.91340709342114
2017-07-25 00:00:00.000,206.81050478775018
2017-07-26 00:00:00.000,200.3285558009793
2017-07-27 00:00:00.000,203.18932178158303
2017-07-28 00:00:00.000,192.58568390577597
2017-07-29 00:00:00.000,205.51111919711502
2017-07-30 00:00:00.000,197.19896347978235
2017-07-31 00:00:00.000,203.28719634179097
2017-08-01 00:00:00.000,227.08056705038587
2017-08-02 00:00:00.000,219.05792926762416
2017-08-03 00:00:00.000,224.86795657659746
2017-08-04 00:00:00.000,221.67495953018923
2017-08-05 00:00:00.000,253.15566612330053
2017-08-06 00:00:00.000,263.2220861638244
2017-08-07 00:00:00.000,268.49662903477497
2017-08-08 00:00:00.000,295.14709831672786
2017-08-09 00:00:00.000,297.0696048197405
2017-08-10 00:00:00.000,296.7767240757822
2017-08-11 00:00:00.000,306.826433219032
2017-08-12 00:00:00.000,308.625531335255
2017-08-13 00:00:00.000,297.15980274719976
2017-08-14 00:00:00.000,296.3972895244633
2017-08-15 00:00:00.000,288.4507671723357
2017-08-16 00:00:00.000,300.0393294082391
2017-08-17 00:00:00.000,300.5703437604035
2017-08-18 00:00:00.000,296.114635373622
2017-08-19 00:00:00.000,296.6220895183796
2017-08-20 00:00:00.000,295.17157732771335
2017-08-21 00:00:00.000,322.2012201364436
2017-08-22 00:00:00.000,312.1744705574116
2017-08-23 00:00:00.000,316.7889202107443
2017-08-24 00:00:00.000,321.7852984049241
2017-08-25 00:00:00.000,329.0252809929819
2017-08-26 00:00:00.000,329.86578262442157
2017-08-27 00:00:00.000,343.34133712814116
2017-08-28 00:00:00.000,344.2011314209417
2017-08-29 00:00:00.000,366.809589912788
2017-08-30 00:00:00.000,378.90633073469184
2017-08-31 00:00:00.000,382.9344507545728
2017-09-01 00:00:00.000,386.3430570009356
2017-09-02 00:00:00.000,346.3987754868897
2017-09-03 00:00:00.000,349.92924044114534
2017-09-04 00:00:00.000,299.7173318855491
2017-09-05 00:00:00.000,318.9728041158723
2017-09-06 00:00:00.000,333.20632999273016
2017-09-07 00:00:00.000,329.4156625176296
2017-09-08 00:00:00.000,304.47510826802426
2017-09-09 00:00:00.000,299.6944444705654
2017-09-10 00:00:00.000,292.7796567856866
2017-09-11 00:00:00.000,296.4753988432914
2017-09-12 00:00:00.000,290.58653195906925
2017-09-13 00:00:00.000,277.33365793127047
2017-09-14 00:00:00.000,214.3117136334975
2017-09-15 00:00:00.000,246.9218572871298
2017-09-16 00:00:00.000,244.80561175288247
2017-09-17 00:00:00.000,249.66654597502836
2017-09-18 00:00:00.000,287.96109568877347
2017-09-19 00:00:00.000,280.4456323420793
2017-09-20 00:00:00.000,279.4176492108516
2017-09-21 00:00:00.000,257.465074465559
2017-09-22 00:00:00.000,263.46977368373445
2017-09-23 00:00:00.000,283.22215899335055
2017-09-24 00:00:00.000,280.68104473460187
2017-09-25 00:00:00.000,288.0857009417575
2017-09-26 00:00:00.000,283.9294530726591
2017-09-27 00:00:00.000,302.1518453516756
2017-09-28 00:00:00.000,294.3138380117381
2017-09-29 00:00:00.000,288.11459689868053
2017-09-30 00:00:00.000,297.2689355700251
2017-10-01 00:00:00.000,299.6748890236153
2017-10-02 00:00:00.000,295.8400297394862
2017-10-03 00:00:00.000,292.2107206992577
2017-10-04 00:00:00.000,293.0357027858311
2017-10-05 00:00:00.000,293.71934612048636
2017-10-06 00:00:00.000,307.7089805559562
2017-10-07 00:00:00.000,309.5982491240284
2017-10-08 00:00:00.000,307.05813687389934
2017-10-09 00:00:00.000,295.901045084102
2017-10-10 00:00:00.000,299.9170113647283
2017-10-11 00:00:00.000,303.2474665353709
2017-10-12 00:00:00.000,302.0199976805083
2017-10-13 00:00:00.000,337.9526134340301
2017-10-14 00:00:00.000,335.33824482981413
2017-10-15 00:00:00.000,335.3913549863649
2017-10-16 00:00:00.000,331.967214731027
2017-10-17 00:00:00.000,317.898212514702
2017-10-18 00:00:00.000,314.456554240651
2017-10-19 00:00:00.000,308.4746839282341
2017-10-20 00:00:00.000,302.35649692557024
2017-10-21 00:00:00.000,300.69384596228315
2017-10-22 00:00:00.000,295.4882479105146
2017-10-23 00:00:00.000,289.4140251237576
2017-10-24 00:00:00.000,298.75573430773346
2017-10-25 00:00:00.000,298.4839668215046
2017-10-26 00:00:00.000,295.7078546189935
2017-10-27 00:00:00.000,297.9291296930045
2017-10-28 00:00:00.000,296.4649529071602
2017-10-29 00:00:00.000,303.74113040048763
2017-10-30 00:00:00.000,306.2494615338919
2017-10-31 00:00:00.000,303.54211702851427
2017-11-01 00:00:00.000,292.33053872865435
2017-11-02 00:00:00.000,287.0696687458828
2017-11-03 00:00:00.000,305.8432726789198
2017-11-04 00:00:00.000,299.9549103522952
2017-11-05 00:00:00.000,297.5173231052644
2017-11-06 00:00:00.000,301.370794552855
2017-11-07 00:00:00.000,295.23511338265723
2017-11-08 00:00:00.000,308.9339866357258
2017-11-09 00:00:00.000,322.32952048358885
2017-11-10 00:00:00.000,301.3549333527746
2017-11-11 00:00:00.000,316.2583419604271
2017-11-12 00:00:00.000,314.1661277072687
2017-11-13 00:00:00.000,315.34395637188766
2017-11-14 00:00:00.000,338.937627406501
2017-11-15 00:00:00.000,334.286932546348
2017-11-16 00:00:00.000,330.021315646911
2017-11-17 00:00:00.000,333.351255037181
2017-11-18 00:00:00.000,348.74721545667
2017-11-19 00:00:00.000,353.43572964676
2017-11-20 00:00:00.000,365.786815977961
2017-11-21 00:00:00.000,361.055822571048
2017-11-22 00:00:00.000,379.409057274538
2017-11-23 00:00:00.000,412.557611501513
2017-11-24 00:00:00.000,475.002014978137
2017-11-25 00:00:00.000,467.446390045639
2017-11-26 00:00:00.000,468.998099373249
2017-11-27 00:00:00.000,484.362624150733
2017-11-28 00:00:00.000,474.182894748523
2017-11-29 00:00:00.000,428.345443336342
2017-11-30 00:00:00.000,454.160981519821
2017-12-01 00:00:00.000,469.863479570669
2017-12-02 00:00:00.000,469.857050536754
2017-12-03 00:00:00.000,461.880481908051
2017-12-04 00:00:00.000,472.252735495896
2017-12-05 00:00:00.000,467.016662982671
2017-12-06 00:00:00.000,448.328222164605
2017-12-07 00:00:00.000,451.825581860168
2017-12-08 00:00:00.000,467.881662612901
2017-12-09 00:00:00.000,482.035518858509
2017-12-10 00:00:00.000,446.691058078548
2017-12-11 00:00:00.000,509.000876237775
2017-12-12 00:00:00.000,661.841332287634
2017-12-13 00:00:00.000,709.883193572531
2017-12-14 00:00:00.000,704.621843737326
2017-12-15 00:00:00.000,693.09706413276
2017-12-16 00:00:00.000,702.244612799479
2017-12-17 00:00:00.000,728.700471211578
2017-12-18 00:00:00.000,798.115404033608
2017-12-19 00:00:00.000,829.989201766042
2017-12-20 00:00:00.000,813.403602277568
2017-12-21 00:00:00.000,812.885159103535
2017-12-22 00:00:00.000,669.276492289395
2017-12-23 00:00:00.000,715.719068265809
2017-12-24 00:00:00.000,686.208308919806
2017-12-25 00:00:00.000,733.902545910265
2017-12-26 00:00:00.000,774.110198124999
2017-12-27 00:00:00.000,764.967062014162
2017-12-28 00:00:00.000,736.840047017461
2017-12-29 00:00:00.000,755.343641318154
2017-12-30 00:00:00.000,736.909191519636
2017-12-31 00:00:00.000,774.696255457107
2018-01-01 00:00:00.000,776.080330355968
2018-01-02 00:00:00.000,876.890258814416
2018-01-03 00:00:00.000,963.0557506903511
2018-01-04 00:00:00.000,978.416104183522
2018-01-05 00:00:00.000,1004.8949722625625
2018-01-06 00:00:00.000,1052.02336010703
2018-01-07 00:00:00.000,1137.6549188901813
2018-01-08 00:00:00.000,1184.92393027798
2018-01-09 00:00:00.000,1361.4396682787146
2018-01-10 00:00:00.000,1345.5876017375906
2018-01-11 00:00:00.000,1181.6514100305303
2018-01-12 00:00:00.000,1315.6187580839762
2018-01-13 00:00:00.000,1448.1800861342022
2018-01-14 00:00:00.000,1410.0002145085193
2018-01-15 00:00:00.000,1329.6713965043375
2018-01-16 00:00:00.000,1068.6004106894156
2018-01-17 00:00:00.000,1022.3652131699663
2018-01-18 00:00:00.000,1036.072312788025
2018-01-19 00:00:00.000,1046.8985973958734
2018-01-20 00:00:00.000,1172.9172062239459
2018-01-21 00:00:00.000,1053.6332024800395
2018-01-22 00:00:00.000,1000.3871327788332
2018-01-23 00:00:00.000,991.665320638703
2018-01-24 00:00:00.000,1056.8792325682198
2018-01-25 00:00:00.000,1059.3154960264808
2018-01-26 00:00:00.000,1048.7989058434846
2018-01-27 00:00:00.000,1095.7825142892807
2018-01-28 00:00:00.000,1237.3241758467964
2018-01-29 00:00:00.000,1169.6342569193446
2018-01-30 00:05:11.070,1161.9086430994253
2018-01-31 00:00:00.000,1058.0960529662955
2018-02-01 00:00:00.000,1106.1381723552724
2018-02-02 00:00:00.000,1021.2693786534147
2018-02-03 00:00:00.000,914.6388425021536
2018-02-04 00:00:00.000,941.8032295185238
2018-02-05 00:00:00.000,834.8891703333355
2018-02-06 00:00:00.000,684.3133397266745
2018-02-07 00:00:00.000,785.7389155049871
2018-02-08 00:05:23.681,751.8878893661607
2018-02-09 00:00:00.000,807.8227505154956
2018-02-10 00:00:00.000,871.3268829432668
2018-02-11 00:00:00.000,854.3498784217315
2018-02-12 00:00:00.000,817.2905243571003
2018-02-13 00:00:00.000,862.7487725902944
2018-02-14 00:00:00.000,833.7791837295838
2018-02-15 00:00:00.000,915.0765430188819
2018-02-16 00:00:00.000,928.2935214045194
2018-02-17 00:00:00.000,934.6767104527537
2018-02-18 00:00:00.000,964.2765079107337
2018-02-19 00:00:00.000,915.0920469360246
2018-02-20 00:00:00.000,928.2902425457683
2018-02-21 00:00:00.000,902.9690554385094
2018-02-22 00:00:00.000,809.1296597083212
2018-02-23 00:00:00.000,812.4468626177468
2018-02-24 00:00:00.000,864.6697536212578
2018-02-25 00:00:00.000,828.7233989886703
2018-02-26 00:00:00.000,842.6280247519165
2018-02-27 00:00:00.000,863.6502752378826
2018-02-28 00:00:00.000,869.2632438249697
2018-03-01 00:00:00.000,846.3652117960792
2018-03-02 00:00:00.000,855.6787797305122
2018-03-03 00:00:00.000,850.4429895810156
2018-03-04 00:00:00.000,844.2552535175925
2018-03-05 00:00:00.000,843.7565763098702
2018-03-06 00:00:00.000,840.1509954642488
2018-03-07 00:00:00.000,808.4491332246333
2018-03-08 00:00:00.000,752.5931712474129
2018-03-09 00:00:00.000,699.1898984866136
2018-03-10 00:00:00.000,710.8916532666208
2018-03-11 00:00:00.000,684.934340074043
2018-03-12 00:00:00.000,713.1953300017516
2018-03-13 00:00:00.000,695.3142030222126
2018-03-14 00:00:00.000,684.6415843660401
2018-03-15 00:00:00.000,608.3931488499501
2018-03-16 00:00:00.000,612.4435397197692
2018-03-17 00:00:00.000,607.879487479319
2018-03-18 00:00:00.000,560.1094330840288
2018-03-19 00:00:00.000,538.6905900543026
2018-03-20 00:00:00.000,555.0775482373977
2018-03-21 00:00:00.000,554.2098259834895
2018-03-22 00:00:00.000,561.1465342247278
2018-03-23 00:00:00.000,537.7059724380829
2018-03-24 00:00:00.000,538.109029163154
2018-03-25 00:00:00.000,519.4855998398031
2018-03-26 00:00:00.000,519.3780445915389
2018-03-27 00:00:00.000,487.5396120553992
2018-03-28 00:00:00.000,449.05225249207564
2018-03-29 00:00:00.000,443.9491009578748
2018-03-30 00:00:00.000,385.32709566886405
2018-03-31 00:00:00.000,395.32626329061816
2018-04-01 00:00:00.000,395.79638095782116
2018-04-02 00:00:00.000,379.1235134110076
2018-04-03 00:00:00.000,384.8259822881638
2018-04-04 00:00:00.000,415.7162339703384
2018-04-05 00:00:00.000,380.28195959120734
2018-04-06 00:00:00.000,384.46448544618835
2018-04-07 00:00:00.000,369.9138976693199
2018-04-08 00:00:00.000,383.44636088273523
2018-04-09 00:00:00.000,396.98175550697044
2018-04-10 00:00:00.000,398.77335502107474
2018-04-11 00:00:00.000,412.6893456266917
2018-04-12 00:00:00.000,427.3849460078481
2018-04-13 00:00:00.000,488.60548934434905
2018-04-14 00:00:00.000,488.99218126708564
2018-04-15 00:00:00.000,495.11291363236046
2018-04-16 00:00:00.000,525.5274445398754
2018-04-17 00:00:00.000,507.11031309582995
2018-04-18 00:00:00.000,498.46700764950907
2018-04-19 00:00:00.000,517.3740431959737
2018-04-20 00:00:00.000,566.3920838512778
2018-04-21 00:00:00.000,590.27192246768
2018-04-22 00:00:00.000,600.2596767733208
2018-04-23 00:00:00.000,617.2024078855728
2018-04-24 00:00:00.000,636.3671638965957
2018-04-25 00:00:00.000,705.0276448443027
2018-04-26 00:00:00.000,613.7267252906634
2018-04-27 00:00:00.000,657.0577934851548
2018-04-28 00:00:00.000,641.9936056225328
2018-04-29 00:00:00.000,672.5969368274542
2018-04-30 00:00:00.000,680.1204953886593
2018-05-01 00:00:00.000,662.732735837356
2018-05-02 00:00:00.000,665.2257861413076
2018-05-03 00:00:00.000,676.5525639388837
2018-05-04 00:00:00.000,781.4257804747286
2018-05-05 00:00:00.000,777.9076470179848
2018-05-06 00:00:00.000,807.0673291637275
2018-05-07 00:00:00.000,785.89274351052
2018-05-08 00:00:00.000,748.8131413938073
2018-05-09 00:00:00.000,744.3248257193555
2018-05-10 00:00:00.000,743.6398157399032
2018-05-11 00:00:00.000,717.4128743633592
2018-05-12 00:00:00.000,675.2917525022057
2018-05-13 00:00:00.000,683.1702676131072
2018-05-14 00:00:00.000,726.8719105255797
2018-05-15 00:00:00.000,727.8026816427881
2018-05-16 00:00:00.000,703.1556814584169
2018-05-17 00:00:00.000,702.4531187046043
2018-05-18 00:00:00.000,665.6275313370153
2018-05-19 00:00:00.000,686.2132687257347
2018-05-20 00:00:00.000,685.8467539789947
2018-05-21 00:00:00.000,703.8146666492306
2018-05-22 00:00:00.000,688.9132212295281
2018-05-23 00:00:00.000,641.1003511423173
2018-05-24 00:00:00.000,581.2411880572671
2018-05-25 00:00:00.000,597.848771866914
2018-05-26 00:00:00.000,582.2793862832264
2018-05-27 00:00:00.000,580.4834597869499
2018-05-28 00:00:00.000,565.9260648024518
2018-05-29 00:00:00.000,511.61588041076885
2018-05-30 00:00:00.000,561.7406614509548
2018-05-31 00:00:00.000,555.3491509790109
2018-06-01 00:00:00.000,571.7271134994469
2018-06-02 00:00:00.000,573.8335504842785
2018-06-03 00:00:00.000,583.1316392150303
2018-06-04 00:00:00.000,609.2946747342367
2018-06-05 00:00:00.000,586.5759760467295
2018-06-06 00:00:00.000,600.6782790386933
2018-06-07 00:00:00.000,598.2160984640701
2018-06-08 00:00:00.000,595.1261406729993
2018-06-09 00:00:00.000,590.4981451663734
2018-06-10 00:00:00.000,581.1212496803587
2018-06-11 00:00:00.000,522.9980386707371
2018-06-12 00:00:00.000,529.1308297528115
2018-06-13 00:00:00.000,495.0763558611063
2018-06-14 00:00:00.000,474.85911303649493
2018-06-15 00:00:00.000,516.6441703707438
2018-06-16 00:00:00.000,485.4328365159148
2018-06-17 00:00:00.000,493.0678580653148
2018-06-18 00:00:00.000,491.40027597923427
2018-06-19 00:00:00.000,512.4288524669856
2018-06-20 00:00:00.000,532.0039133610575
2018-06-21 00:00:00.000,529.7630465685196
2018-06-22 00:00:00.000,520.6671645141439
2018-06-23 00:00:00.000,463.94082865220423
2018-06-24 00:00:00.000,472.9772647615346
2018-06-25 00:00:00.000,455.71843063066746
2018-06-26 00:00:00.000,458.9258012406738
2018-06-27 00:00:00.000,430.60178441047594
2018-06-28 00:00:00.000,437.8765374730084
2018-06-29 00:00:00.000,420.86212416397933
2018-06-30 00:00:00.000,432.50722049091496
2018-07-01 00:00:00.000,449.43004507185094
2018-07-02 00:00:00.000,447.6805505735615
2018-07-03 00:00:00.000,472.31165843777023
2018-07-04 00:00:00.000,459.6987235407423
2018-07-05 00:00:00.000,463.22220830490755
2018-07-06 00:00:00.000,466.87948010075564
2018-07-07 00:00:00.000,467.5901144927255
2018-07-08 00:00:00.000,481.523823511904
2018-07-09 00:00:00.000,483.8040307751051
2018-07-10 00:00:00.000,469.7022293732207
2018-07-11 00:00:00.000,431.76445446277353
2018-07-12 00:00:00.000,443.0254304264658
2018-07-13 00:00:00.000,427.79224436391297
2018-07-14 00:00:00.000,431.266939712935
2018-07-15 00:00:00.000,431.78456841825795
2018-07-16 00:00:00.000,446.60952086822346
2018-07-17 00:00:00.000,478.20850696097756
2018-07-18 00:00:00.000,497.1775460849197
2018-07-19 00:00:00.000,475.9901579076109
2018-07-20 00:00:00.000,464.78994267592014
2018-07-21 00:00:00.000,447.2032909319223
2018-07-22 00:00:00.000,458.0790283587359
2018-07-23 00:00:00.000,455.5332019326154
2018-07-24 00:00:00.000,447.92137912561867
2018-07-25 00:00:00.000,477.2092716797165
2018-07-26 00:00:00.000,468.73749232171497
2018-07-27 00:00:00.000,460.8693339260698
2018-07-28 00:00:00.000,467.9579265520383
2018-07-29 00:00:00.000,465.8991552657435
2018-07-30 00:00:00.000,466.41922911559277
2018-07-31 00:00:00.000,458.080921209812
2018-08-01 00:00:00.000,432.3501179219696
2018-08-02 00:00:00.000,417.27540676628155
2018-08-03 00:00:00.000,410.9251331069581
2018-08-04 00:00:00.000,417.35539322792266
2018-08-05 00:00:00.000,406.8839911959127
2018-08-06 00:00:00.000,409.16493540460897
2018-08-07 00:00:00.000,404.81719789129863
2018-08-08 00:00:00.000,377.75090114785144
2018-08-09 00:00:00.000,353.6461229266765
2018-08-10 00:00:00.000,363.6851798621928
2018-08-11 00:00:00.000,332.49243311549486
2018-08-12 00:00:00.000,317.3144774285816
2018-08-13 00:00:00.000,317.9561130787788
2018-08-14 00:00:00.000,284.9586646577589
2018-08-15 00:00:00.000,277.7460166184284
2018-08-16 00:00:00.000,281.1411931356025
2018-08-17 00:00:00.000,286.3202214369417
2018-08-18 00:00:00.000,314.79325272659554
2018-08-19 00:00:00.000,293.17699177790365
2018-08-20 00:00:00.000,299.4351225630472
2018-08-21 00:00:00.000,271.06155217805997
2018-08-22 00:00:00.000,280.3747171450871
2018-08-23 00:00:00.000,269.2483994291051
2018-08-24 00:00:00.000,275.80838507029057
2018-08-25 00:00:00.000,281.7346420014112
2018-08-26 00:00:00.000,277.96671056981506
2018-08-27 00:00:00.000,273.50341418810274
2018-08-28 00:00:00.000,286.9611037603499
2018-08-29 00:00:00.000,296.29612763685776
2018-08-30 00:00:00.000,288.5053605724647
2018-08-31 00:00:00.000,285.1028726269231
2018-09-01 00:00:00.000,282.22317870221497
2018-09-02 00:00:00.000,295.6461617616964
2018-09-03 00:00:00.000,294.5856884801363
2018-09-04 00:00:00.000,288.85282563770716
2018-09-05 00:00:00.000,285.4857566471215
2018-09-06 00:00:00.000,232.59576871683151
2018-09-07 00:00:00.000,229.37495804862965
2018-09-08 00:00:00.000,215.43223745188737
2018-09-09 00:00:00.000,196.8653868522827
2018-09-10 00:00:00.000,195.87733831990175
2018-09-11 00:00:00.000,196.3615326706261
2018-09-12 00:00:00.000,184.08223182704117
2018-09-13 00:00:00.000,182.94557625329006
2018-09-14 00:00:00.000,211.82672748652598
2018-09-15 00:00:00.000,211.3835617204549
2018-09-16 00:00:00.000,223.05308230390335
2018-09-17 00:00:00.000,220.1415794346937
2018-09-18 00:00:00.000,196.5766097002653
2018-09-19 00:00:00.000,210.15069647518163
2018-09-20 00:00:00.000,209.1425267776257
2018-09-21 00:00:00.000,224.38097767293752
2018-09-22 00:00:00.000,247.41001789452824
2018-09-23 00:00:00.000,241.8437317592413
2018-09-24 00:00:00.000,244.7847954629194
2018-09-25 00:00:00.000,228.34091150907454
2018-09-26 00:00:00.000,219.50434375691938
2018-09-27 00:00:00.000,214.9793802543281
2018-09-28 00:00:00.000,229.22195926025518
2018-09-29 00:00:00.000,222.229239761749
2018-09-30 00:00:00.000,231.73587329828854
2018-10-01 00:00:00.000,232.78138524562493
2018-10-02 00:00:00.000,231.1436846227436
2018-10-03 00:00:00.000,225.79485382934473
2018-10-04 00:00:00.000,220.47446029228064
2018-10-05 00:00:00.000,222.19584779064576
2018-10-06 00:00:00.000,228.03607024893918
2018-10-07 00:00:00.000,225.06880731767052
2018-10-08 00:00:00.000,225.65834864130284
2018-10-09 00:00:00.000,229.52461502629828
2018-10-10 00:00:00.000,227.9689077917784
2018-10-11 00:00:00.000,225.66201617746165
2018-10-12 00:00:00.000,192.0010841477226
2018-10-13 00:00:00.000,197.06801594741614
2018-10-14 00:00:00.000,201.05349968429928
2018-10-15 00:00:00.000,196.3186984116144
2018-10-16 00:00:00.000,212.2030694387269
2018-10-17 00:00:00.000,212.4442865474299
2018-10-18 00:00:00.000,211.08269302502703
2018-10-19 00:00:00.000,204.31304892929978
2018-10-20 00:00:00.000,203.97626253061992
2018-10-21 00:00:00.000,206.88209866230514
2018-10-22 00:00:00.000,206.30982679591034
2018-10-23 00:00:00.000,205.03775490876436
2018-10-24 00:00:00.000,204.08394558056767
2018-10-25 00:00:00.000,203.52219877380867
2018-10-26 00:00:00.000,202.35302275695466
2018-10-27 00:00:00.000,203.38496856526396
2018-10-28 00:00:00.000,203.18739632422128
2018-10-29 00:00:00.000,204.7223407022085
2018-10-30 00:00:00.000,195.7514045211852
2018-10-31 00:00:00.000,197.44844958499
2018-11-01 00:00:00.000,198.6390488336609
2018-11-02 00:00:00.000,199.1226070207313
2018-11-03 00:00:00.000,202.28275716666218
2018-11-04 00:00:00.000,200.13622776255878
2018-11-05 00:00:00.000,206.8144295995958
2018-11-06 00:00:00.000,209.10887661978714
2018-11-07 00:00:00.000,219.16088708430863
2018-11-08 00:00:00.000,219.0157747507676
2018-11-09 00:00:00.000,213.40763439234544
2018-11-10 00:00:00.000,210.79061959752252
2018-11-11 00:00:00.000,212.9658278769949
2018-11-12 00:00:00.000,212.4733247441558
2018-11-13 00:00:00.000,211.65690924875202
2018-11-14 00:00:00.000,208.58229647385883
2018-11-15 00:00:00.000,184.02255937246562
2018-11-16 00:00:00.000,182.448242594831
2018-11-17 00:00:00.000,176.02240566453227
2018-11-18 00:00:00.000,175.6674163561008
2018-11-19 00:00:00.000,177.72868960741215
2018-11-20 00:00:00.000,150.39116276572497
2018-11-21 00:00:00.000,131.476679735108
2018-11-22 00:00:00.000,137.1730431934016
2018-11-23 00:00:00.000,126.06638760845392
2018-11-24 00:00:00.000,124.15029635415753
2018-11-25 00:00:00.000,114.28793125942474
2018-11-26 00:00:00.000,117.52527750634898
2018-11-27 00:00:00.000,109.43098854688948
2018-11-28 00:00:00.000,110.43494358866081
2018-11-29 00:00:00.000,122.44642499081692
2018-11-30 00:00:00.000,117.70538590366436
2018-12-01 00:00:00.000,113.4028831522645
2018-12-02 00:00:00.000,118.10075903673732
2018-12-03 00:00:00.000,115.94428273243844
2018-12-04 00:00:00.000,108.67684762425776
2018-12-05 00:00:00.000,109.85191500097886
2018-12-06 00:00:00.000,102.51104175852288
2018-12-07 00:00:00.000,91.10115845588969
2018-12-08 00:00:00.000,92.96795017189604
2018-12-09 00:00:00.000,90.67825609691094
2018-12-10 00:00:00.000,93.53012682199429
2018-12-11 00:00:00.000,89.85371730794834
2018-12-12 00:00:00.000,87.85041070425926
2018-12-13 00:00:00.000,89.37790161622951
2018-12-14 00:00:00.000,85.95872706359158
2018-12-15 00:00:00.000,83.78596235654511
2018-12-16 00:00:00.000,83.8335821320138
2018-12-17 00:00:00.000,84.46584639727314
2018-12-18 00:00:00.000,94.07306838255042
2018-12-19 00:00:00.000,100.05002539321067
2018-12-20 00:00:00.000,99.49155365807758
2018-12-21 00:00:00.000,114.42918370038834
2018-12-22 00:00:00.000,107.85318110517642
2018-12-23 00:00:00.000,115.04582181530175
2018-12-24 00:00:00.000,129.20650341412852
2018-12-25 00:00:00.000,138.95781833191495
2018-12-26 00:00:00.000,127.63707252348217
2018-12-27 00:00:00.000,129.51137399263007
2018-12-28 00:00:00.000,114.1013635506553
2018-12-29 00:00:00.000,134.01993952035144
2018-12-30 00:00:00.000,138.75426661197633
2018-12-31 00:00:00.000,137.6316929791457
2019-01-01 00:00:00.000,131.45872465603802
2019-01-02 00:00:00.000,138.14480220535194
2019-01-03 00:00:00.000,152.86045271321305
2019-01-04 00:00:00.000,146.7305994341217
2019-01-05 00:00:00.000,153.0565669307744
2019-01-06 00:00:00.000,153.65187149457
2019-01-07 00:00:00.000,154.69930839905126
2019-01-08 00:00:00.000,149.89869762072908
2019-01-09 00:00:00.000,148.14786553107623
2019-01-10 00:00:00.000,148.7388798515161
2019-01-11 00:00:00.000,126.62475249770274
2019-01-12 00:00:00.000,124.6267970725248
2019-01-13 00:00:00.000,123.75936261029351
2019-01-14 00:00:00.000,114.76604584662175
2019-01-15 00:00:00.000,127.40527329081972
2019-01-16 00:00:00.000,119.81437324652917
2019-01-17 00:00:00.000,122.24553850486993
2019-01-18 00:00:00.000,121.92726666997898
2019-01-19 00:00:00.000,119.1707391686563
2019-01-20 00:00:00.000,122.92817578942176
2019-01-21 00:00:00.000,117.6078729013454
2019-01-22 00:00:00.000,115.82686433322588
2019-01-23 00:00:00.000,117.81718880676009
2019-01-24 00:00:00.000,116.41601969858114
2019-01-25 00:00:00.000,116.24543567436463
2019-01-26 00:00:00.000,115.14990605895021
2019-01-27 00:00:00.000,115.33716687142687
2019-01-28 00:00:00.000,112.51348924314217
2019-01-29 00:00:00.000,105.35239189764611
2019-01-30 00:00:00.000,104.59784628074063
2019-01-31 00:00:00.000,108.27309466982854
2019-02-01 00:00:00.000,106.33599581366398
2019-02-02 00:00:00.000,107.00955827242754
2019-02-03 00:00:00.000,108.77817692653159
2019-02-04 00:00:00.000,107.19999697185268
2019-02-05 00:00:00.000,107.61824539435413
2019-02-06 00:00:00.000,107.31703853339418
2019-02-07 00:00:00.000,104.62362623241391
2019-02-08 00:00:00.000,104.26536439234141
2019-02-09 00:00:00.000,119.33360463375858
2019-02-10 00:00:00.000,119.48955517293045
2019-02-11 00:00:00.000,124.88963479029995
2019-02-12 00:00:00.000,120.97026174727318
2019-02-13 00:00:00.000,122.54208894762355
2019-02-14 00:00:00.000,122.09412965721424
2019-02-15 00:00:00.000,120.59217399552682
2019-02-16 00:00:00.000,121.57227847601175
2019-02-17 00:00:00.000,122.93860835926709
2019-02-18 00:00:00.000,133.88146961685993
2019-02-19 00:00:00.000,145.32602670603126
2019-02-20 00:00:00.000,143.65523417640586
2019-02-21 00:00:00.000,148.8684346762975
2019-02-22 00:00:00.000,145.2958232437471
2019-02-23 00:00:00.000,148.04165031619752
2019-02-24 00:00:00.000,157.67559560191677
2019-02-25 00:00:00.000,134.31602869596247
2019-02-26 00:00:00.000,137.8218665264574
2019-02-27 00:00:00.000,135.99783785109707
2019-02-28 00:00:00.000,134.84981713392082
2019-03-01 00:00:00.000,135.4906837644075
2019-03-02 00:00:00.000,134.95470877409352
2019-03-03 00:00:00.000,132.40742658761687
2019-03-04 00:00:00.000,130.5403477406027
2019-03-05 00:00:00.000,125.6240824924571
2019-03-06 00:00:00.000,136.5502476885833
2019-03-07 00:00:00.000,137.32665152792868
2019-03-08 00:00:00.000,136.78614228385894
2019-03-09 00:00:00.000,133.5416931933968
2019-03-10 00:00:00.000,137.1960003042231
2019-03-11 00:00:00.000,135.62080210154824
2019-03-12 00:00:00.000,132.38753404384025
2019-03-13 00:00:00.000,133.28742563523164
2019-03-14 00:00:00.000,131.6683444532404
2019-03-15 00:00:00.000,132.14623792639355
2019-03-16 00:00:00.000,136.4478648131974
2019-03-17 00:00:00.000,141.08804416286097
2019-03-18 00:00:00.000,138.55063028189403
2019-03-19 00:00:00.000,137.65794893090973
2019-03-20 00:00:00.000,138.5225166550466
2019-03-21 00:00:00.000,139.0759731796369
2019-03-22 00:00:00.000,135.05601072736965
2019-03-23 00:00:00.000,136.0995360201361
2019-03-24 00:00:00.000,137.19806866408575
2019-03-25 00:00:00.000,136.05748300079634
2019-03-26 00:00:00.000,133.8175199792062
2019-03-27 00:00:00.000,134.02990438257248
2019-03-28 00:00:00.000,139.63660664431762
2019-03-29 00:00:00.000,137.81198852309657
2019-03-30 00:00:00.000,143.14644309796884
2019-03-31 00:00:00.000,142.28965262894044
2019-04-01 00:00:00.000,141.586389044902
2019-04-02 00:00:00.000,141.51455520152766
2019-04-03 00:00:00.000,164.05054289558294
2019-04-04 00:00:00.000,160.43283831978377
2019-04-05 00:00:00.000,157.41222580794496
2019-04-06 00:00:00.000,165.1385234713877
2019-04-07 00:00:00.000,165.32515186458005
2019-04-08 00:00:00.000,174.09052297795662
2019-04-09 00:00:00.000,180.01192355336678
2019-04-10 00:00:00.000,175.2941224274854
2019-04-11 00:00:00.000,177.3253178087243
2019-04-12 00:00:00.000,165.03710682659573
2019-04-13 00:00:00.000,164.57194837218958
2019-04-14 00:00:00.000,163.97160033492332
2019-04-15 00:00:00.000,167.61800117879454
2019-04-16 00:00:00.000,160.53249078494966
2019-04-17 00:00:00.000,166.4845378681717
2019-04-18 00:00:00.000,166.3272646030099
2019-04-19 00:00:00.000,173.41362781077277
2019-04-20 00:00:00.000,173.2282621688014
2019-04-21 00:00:00.000,173.16628767058037
2019-04-22 00:00:00.000,169.98788930945395
2019-04-23 00:00:00.000,171.0434707895899
2019-04-24 00:00:00.000,170.91296418483168
2019-04-25 00:00:00.000,165.66966005027155
2019-04-26 00:00:00.000,153.9304406219976
2019-04-27 00:00:00.000,157.3757012457437
2019-04-28 00:00:00.000,158.28919434200932
2019-04-29 00:00:00.000,156.5951891487867
2019-04-30 00:00:00.000,154.08028243009934
2019-05-01 00:00:00.000,160.74469184721738
2019-05-02 00:00:00.000,159.48931440238658
2019-05-03 00:00:00.000,160.95718796104512
2019-05-04 00:00:00.000,166.63211526803485
2019-05-05 00:00:00.000,162.83631690744346
2019-05-06 00:00:00.000,162.37013497277283
2019-05-07 00:00:00.000,172.8283284518378
2019-05-08 00:00:00.000,170.09589748059332
2019-05-09 00:00:00.000,170.11063311538186
2019-05-10 00:00:00.000,170.57549417946805
2019-05-11 00:00:00.000,172.68209089135948
2019-05-12 00:00:00.000,196.6901677286205
2019-05-13 00:00:00.000,187.2720183708742
2019-05-14 00:00:00.000,196.0761130134244
2019-05-15 00:00:00.000,218.28460968764938
2019-05-16 00:00:00.000,248.74500426984366
2019-05-17 00:00:00.000,264.90012138907406
2019-05-18 00:00:00.000,243.57049917993308
2019-05-19 00:00:00.000,235.32720134101993
2019-05-20 00:00:00.000,260.59698403060327
2019-05-21 00:00:00.000,251.9614994995826
2019-05-22 00:00:00.000,256.0830401834705
2019-05-23 00:00:00.000,244.54946301361036
2019-05-24 00:00:00.000,244.6460957973966
2019-05-25 00:00:00.000,248.54526290535333
2019-05-26 00:00:00.000,250.82036469745617
2019-05-27 00:00:00.000,266.12218207843597
2019-05-28 00:00:00.000,273.40508817754096
2019-05-29 00:00:00.000,271.227867157993
2019-05-30 00:00:00.000,268.7857564563058
2019-05-31 00:00:00.000,255.37736314606394
2019-06-01 00:00:00.000,268.12603920482644
2019-06-02 00:00:00.000,264.72732428744166
2019-06-03 00:00:00.000,269.9388294795906
2019-06-04 00:00:00.000,251.75257532903564
2019-06-05 00:00:00.000,240.23943365820054
2019-06-06 00:00:00.000,246.82656909017393
2019-06-07 00:00:00.000,249.9679117723965
2019-06-08 00:00:00.000,250.63689323005363
2019-06-09 00:00:00.000,244.62980571926562
2019-06-10 00:00:00.000,232.04158416760484
2019-06-11 00:00:00.000,247.25227622797598
2019-06-12 00:00:00.000,245.08937853941526
2019-06-13 00:00:00.000,260.5666340627198
2019-06-14 00:00:00.000,255.1204266417473
2019-06-15 00:00:00.000,263.92853843827874
2019-06-16 00:00:00.000,268.1121928964469
2019-06-17 00:00:00.000,269.0716935274996
2019-06-18 00:00:00.000,273.12368845247914
2019-06-19 00:00:00.000,264.78793107969506
2019-06-20 00:00:00.000,269.1527997781388
2019-06-21 00:00:00.000,272.334690986303
2019-06-22 00:00:00.000,294.47562296593696
2019-06-23 00:00:00.000,310.65499867231955
2019-06-24 00:00:00.000,307.9472102635873
2019-06-25 00:00:00.000,311.06822902414945
2019-06-26 00:00:00.000,318.635944657736
2019-06-27 00:00:00.000,337.3409578098138
2019-06-28 00:00:00.000,295.8416528876357
2019-06-29 00:00:00.000,309.949031472406
2019-06-30 00:00:00.000,321.43279903776084
2019-07-01 00:00:00.000,292.83887601724456
2019-07-02 00:00:00.000,295.2558980709613
2019-07-03 00:00:00.000,290.9596721071729
2019-07-04 00:00:00.000,304.1705424011823
2019-07-05 00:00:00.000,285.2194708797813
2019-07-06 00:00:00.000,287.98591058443674
2019-07-07 00:00:00.000,289.57713834106636
2019-07-08 00:00:00.000,305.33625290070216
2019-07-09 00:00:00.000,312.4663688290414
2019-07-10 00:00:00.000,307.7796837520068
2019-07-11 00:00:00.000,290.009967157574
2019-07-12 00:00:00.000,268.6352130477999
2019-07-13 00:00:00.000,275.80920843487644
2019-07-14 00:00:00.000,270.314761247692
2019-07-15 00:00:00.000,227.12207268042678
2019-07-16 00:00:00.000,230.18019411198864
2019-07-17 00:00:00.000,199.94052185387875
2019-07-18 00:00:00.000,210.83853712737297
2019-07-19 00:00:00.000,226.3035342868679
2019-07-20 00:00:00.000,221.11374095039795
2019-07-21 00:00:00.000,228.96480408491627
2019-07-22 00:00:00.000,226.15340772656594
2019-07-23 00:00:00.000,217.65256165832335
2019-07-24 00:00:00.000,213.5021516080946
2019-07-25 00:00:00.000,217.19777774847861
2019-07-26 00:00:00.000,219.48779097276912
2019-07-27 00:00:00.000,219.58243262777626
2019-07-28 00:00:00.000,206.531772895918
2019-07-29 00:00:00.000,211.229753661743
2019-07-30 00:00:00.000,210.82351650905207
2019-07-31 00:00:00.000,209.64626074112806
2019-08-01 00:00:00.000,218.61308553620958
2019-08-02 00:00:00.000,216.630420657716
2019-08-03 00:00:00.000,217.79546207706508
2019-08-04 00:00:00.000,221.41611875255478
2019-08-05 00:00:00.000,221.98815294300547
2019-08-06 00:00:00.000,232.82368350463972
2019-08-07 00:00:00.000,227.02071107575
2019-08-08 00:00:00.000,226.4011931773696
2019-08-09 00:00:00.000,221.99588620712112
2019-08-10 00:00:00.000,210.15361895773407
2019-08-11 00:00:00.000,206.50462546838185
2019-08-12 00:00:00.000,216.4855805517722
2019-08-13 00:00:00.000,211.11314126304725
2019-08-14 00:00:00.000,209.26573714761406
2019-08-15 00:00:00.000,185.65530058955875
2019-08-16 00:00:00.000,188.15278116773473
2019-08-17 00:00:00.000,185.15324355177958
2019-08-18 00:00:00.000,185.76004109383433
2019-08-19 00:00:00.000,194.35736761658467
2019-08-20 00:00:00.000,202.95975075968417
2019-08-21 00:00:00.000,196.27274728566928
2019-08-22 00:00:00.000,187.01618910896025
2019-08-23 00:00:00.000,191.52119596772542
2019-08-24 00:00:00.000,194.2093873568753
2019-08-25 00:00:00.000,190.55575089343063
2019-08-26 00:00:00.000,186.32236897942659
2019-08-27 00:00:00.000,188.37725745413954
2019-08-28 00:00:00.000,186.97068487781738
2019-08-29 00:00:00.000,173.02703573027782
2019-08-30 00:00:00.000,168.79916502828434
2019-08-31 00:00:00.000,168.6708883739598
2019-09-01 00:00:00.000,172.07296929356409
2019-09-02 00:00:00.000,170.72754514461607
2019-09-03 00:00:00.000,177.71647895327314
2019-09-04 00:00:00.000,178.82647784328285
2019-09-05 00:00:00.000,174.77627554812665
2019-09-06 00:00:00.000,174.1938100520476
2019-09-07 00:00:00.000,169.42286694793444
2019-09-08 00:00:00.000,177.85258889110943
2019-09-09 00:00:00.000,181.4839320522675
2019-09-10 00:00:00.000,181.01465623196765
2019-09-11 00:00:00.000,180.1493915298145
2019-09-12 00:00:00.000,178.08294980618456
2019-09-13 00:00:00.000,181.010836085851
2019-09-14 00:00:00.000,181.2119450035023
2019-09-15 00:00:00.000,188.30568158376607
2019-09-16 00:00:00.000,189.25504633546134
2019-09-17 00:00:00.000,197.60691638393752
2019-09-18 00:00:00.000,209.21116304181604
2019-09-19 00:00:00.000,210.24907372866744
2019-09-20 00:00:00.000,221.74292599489385
2019-09-21 00:00:00.000,217.95344382394939
2019-09-22 00:00:00.000,215.34523960456264
2019-09-23 00:00:00.000,211.61753840452246
2019-09-24 00:00:00.000,201.00337752581868
2019-09-25 00:00:00.000,168.67357964603033
2019-09-26 00:00:00.000,170.28886769224317
2019-09-27 00:00:00.000,166.21680322909975
2019-09-28 00:00:00.000,173.90494900595044
2019-09-29 00:00:00.000,174.07970541243265
2019-09-30 00:00:00.000,169.6894747522977
2019-10-01 00:00:00.000,179.75716197925505
2019-10-02 00:00:00.000,180.63244082835516
2019-10-03 00:00:00.000,180.57893058773016
2019-10-04 00:00:00.000,176.85852555342686
2019-10-05 00:00:00.000,175.86315365350248
2019-10-06 00:00:00.000,176.2772565733896
2019-10-07 00:00:00.000,170.44710628243018
2019-10-08 00:00:00.000,180.14424760253544
2019-10-09 00:00:00.000,180.78979326727546
2019-10-10 00:00:00.000,193.33993781390976
2019-10-11 00:00:00.000,191.04108656991255
2019-10-12 00:00:00.000,180.55244905183102
2019-10-13 00:00:00.000,179.94653567610214
2019-10-14 00:00:00.000,181.2872472944888
2019-10-15 00:00:00.000,186.61606753146776
2019-10-16 00:00:00.000,180.74563079187547
2019-10-17 00:00:00.000,175.05406935469742
2019-10-18 00:00:00.000,177.4769186344818
2019-10-19 00:00:00.000,172.88626058117322
2019-10-20 00:00:00.000,171.85241043187662
2019-10-21 00:00:00.000,175.21210857661558
2019-10-22 00:00:00.000,174.35449608806442
2019-10-23 00:00:00.000,171.4265472158501
2019-10-24 00:00:00.000,161.5840435929357
2019-10-25 00:00:00.000,160.67839136074096
2019-10-26 00:00:00.000,181.45319156222183
2019-10-27 00:00:00.000,179.53527008259897
2019-10-28 00:00:00.000,183.58089983827585
2019-10-29 00:00:00.000,181.86179987269554
2019-10-30 00:00:00.000,190.50596091786502
2019-10-31 00:00:00.000,183.13375148673262
2019-11-01 00:00:00.000,182.75570124695298
2019-11-02 00:00:00.000,183.064191451962
2019-11-03 00:00:00.000,183.21568174708486
2019-11-04 00:00:00.000,181.8244399622803
2019-11-05 00:00:00.000,185.76433086001398
2019-11-06 00:00:00.000,189.16575518025138
2019-11-07 00:00:00.000,191.3004004540056
2019-11-08 00:00:00.000,186.81653195658674
2019-11-09 00:00:00.000,183.6736227613274
2019-11-10 00:00:00.000,184.95814543107952
2019-11-11 00:00:00.000,189.04498222352015
2019-11-12 00:00:00.000,184.839873654298
2019-11-13 00:00:00.000,186.8659398462863
2019-11-14 00:00:00.000,187.84288849379362
2019-11-15 00:00:00.000,184.78830689468228
2019-11-16 00:00:00.000,180.16871140792335
2019-11-17 00:00:00.000,182.63065416042576
2019-11-18 00:00:00.000,183.9879638750186
2019-11-19 00:00:00.000,178.3855993731378
2019-11-20 00:00:00.000,175.8204845763924
2019-11-21 00:00:00.000,174.80445727797053
2019-11-22 00:00:00.000,161.15147727923085
2019-11-23 00:00:00.000,149.92569206419535
2019-11-24 00:00:00.000,151.96608493452732
2019-11-25 00:00:00.000,140.24681084120735
2019-11-26 00:00:00.000,146.34618694453036
2019-11-27 00:00:00.000,147.57506848968612
2019-11-28 00:00:00.000,152.615068348219
2019-11-29 00:00:00.000,150.91034572010813
2019-11-30 00:00:00.000,154.25530586508248
2019-12-01 00:00:00.000,151.73585404476006
2019-12-02 00:00:00.000,151.02315688624967
2019-12-03 00:00:00.000,148.86726798663648
2019-12-04 00:00:00.000,147.12795176955626
2019-12-05 00:00:00.000,145.40170953026762
2019-12-06 00:00:00.000,147.79749210977155
2019-12-07 00:00:00.000,148.60569815279229
2019-12-08 00:00:00.000,147.1457864691915
2019-12-09 00:00:00.000,150.2924488050236
2019-12-10 00:00:00.000,147.42926132729735
2019-12-11 00:00:00.000,145.56867918491014
2019-12-12 00:00:00.000,143.12297867633916
2019-12-13 00:00:00.000,145.02592545573296
2019-12-14 00:00:00.000,144.6187808332106
2019-12-15 00:00:00.000,141.84486515951662
2019-12-16 00:00:00.000,142.21086918955265
2019-12-17 00:00:00.000,132.72274321129302
2019-12-18 00:00:00.000,121.770107290006
2019-12-19 00:00:00.000,132.74136111736684
2019-12-20 00:00:00.000,128.0791538700726
2019-12-21 00:00:00.000,128.2701941791178
2019-12-22 00:00:00.000,126.93287325611249
2019-12-23 00:00:00.000,132.17746965077103
2019-12-24 00:00:00.000,128.16997170630987
2019-12-25 00:00:00.000,127.72559890360142
2019-12-26 00:00:00.000,125.01870585042732
2019-12-27 00:00:00.000,125.61458431453704
2019-12-28 00:00:00.000,126.32718018933488
2019-12-29 00:00:00.000,128.0669874384903
2019-12-30 00:00:00.000,134.3236471998861
2019-12-31 00:00:00.000,131.4621363838881
2020-01-01 00:00:00.000,129.18638529253852
2020-01-02 00:00:00.000,130.4846850311141
2020-01-03 00:00:00.000,127.04525801179804
2020-01-04 00:00:00.000,133.70264861844188
2020-01-05 00:00:00.000,134.1368826978575
2020-01-06 00:00:00.000,135.00571364233375
2020-01-07 00:00:00.000,143.80639795566535
2020-01-08 00:00:00.000,143.019432264986
2020-01-09 00:00:00.000,140.27393527388705
2020-01-10 00:00:00.000,137.86055928182662
2020-01-11 00:00:00.000,144.6047743464792
2020-01-12 00:00:00.000,142.18233327497873
2020-01-13 00:00:00.000,145.42287633530452
2020-01-14 00:00:00.000,143.58796905036286
2020-01-15 00:00:00.000,165.99143854583525
2020-01-16 00:00:00.000,166.2530969048888
2020-01-17 00:00:00.000,163.80590111423027
2020-01-18 00:00:00.000,171.15621787671842
2020-01-19 00:00:00.000,174.23837318258896
2020-01-20 00:00:00.000,166.6271059505621
2020-01-21 00:00:00.000,166.93852805776982
2020-01-22 00:00:00.000,169.27993585839258
2020-01-23 00:00:00.000,167.8265296405669
2020-01-24 00:00:00.000,162.51937110634034
2020-01-25 00:00:00.000,162.40947975163584
2020-01-26 00:00:00.000,160.6736108617405
2020-01-27 00:00:00.000,167.6474095857562
2020-01-28 00:00:00.000,169.7364357354222
2020-01-29 00:00:00.000,175.19000305345378
2020-01-30 00:00:00.000,173.70688823620796
2020-01-31 00:00:00.000,184.72621843141044
2020-02-01 00:00:00.000,179.22910385240368
2020-02-02 00:00:00.000,183.33693755210257
2020-02-03 00:00:00.000,188.55064179431113
2020-02-04 00:00:00.000,189.86176346298166
2020-02-05 00:00:00.000,188.84220736948276
2020-02-06 00:00:00.000,203.8593183747095
2020-02-07 00:00:00.000,212.73341421352782
2020-02-08 00:00:00.000,223.27631974791998
2020-02-09 00:00:00.000,223.30077697426225
2020-02-10 00:00:00.000,228.29226083217347
2020-02-11 00:00:00.000,224.14699652028605
2020-02-12 00:00:00.000,236.78534852972567
2020-02-13 00:00:00.000,264.03276824299627
2020-02-14 00:00:00.000,267.6704445042514
2020-02-15 00:00:00.000,284.2318914741183
2020-02-16 00:00:00.000,263.8999463915962
2020-02-17 00:00:00.000,262.1562443168135
2020-02-18 00:00:00.000,267.9356656159883
2020-02-19 00:00:00.000,281.9457403055278
2020-02-20 00:00:00.000,259.1838037480287
2020-02-21 00:00:00.000,257.9883953048601
2020-02-22 00:00:00.000,265.1644591338591
2020-02-23 00:00:00.000,260.99654013152536
2020-02-24 00:00:00.000,274.6312157785517
2020-02-25 00:00:00.000,265.2421912203732
2020-02-26 00:00:00.000,248.31738139395102
2020-02-27 00:00:00.000,224.81050829744677
2020-02-28 00:00:00.000,225.42971511683754
2020-02-29 00:00:00.000,227.70528448376498
2020-03-01 00:00:00.000,218.34835692985286
2020-03-02 00:00:00.000,218.93979697447656
2020-03-03 00:00:00.000,231.67944604592213
2020-03-04 00:00:00.000,223.96011601810258
2020-03-05 00:00:00.000,224.13487737180202
2020-03-06 00:00:00.000,228.0809351016884
2020-03-07 00:00:00.000,244.23846951978683
2020-03-08 00:00:00.000,237.38079020191347
2020-03-09 00:00:00.000,198.81964228768578
2020-03-10 00:00:00.000,200.84687148188746
2020-03-11 00:00:00.000,200.74903854851766
2020-03-12 00:00:00.000,194.21794124025206
2020-03-13 00:00:00.000,110.5978978308351
2020-03-14 00:00:00.000,132.57285770180832
2020-03-15 00:00:00.000,123.030844108903
2020-03-16 00:00:00.000,124.60342553062202
2020-03-17 00:00:00.000,110.99159845334059
2020-03-18 00:00:00.000,117.21704138518466
2020-03-19 00:00:00.000,117.7004246469663
2020-03-20 00:00:00.000,136.81187578973578
2020-03-21 00:00:00.000,131.96469397290025
2020-03-22 00:00:00.000,131.94321845316688
2020-03-23 00:00:00.000,122.5205987665882
2020-03-24 00:00:00.000,135.58865798037067
2020-03-25 00:00:00.000,138.77657127268222
2020-03-26 00:00:00.000,136.23392142176775
2020-03-27 00:00:00.000,138.76693759902926
2020-03-28 00:00:00.000,130.2865618875773
2020-03-29 00:00:00.000,131.42405214081145
2020-03-30 00:00:00.000,125.31887451568916
2020-03-31 00:00:00.000,132.36373895414985
2020-04-01 00:00:00.000,133.2364468438201
2020-04-02 00:00:00.000,136.21638557312852
2020-04-03 00:00:00.000,141.4537053523866
2020-04-04 00:00:00.000,141.26154326644877
2020-04-05 00:00:00.000,144.200802681986
2020-04-06 00:00:00.000,142.8508834648482
2020-04-07 00:00:00.000,169.85504979336824
2020-04-08 00:00:00.000,164.5160197107307
2020-04-09 00:00:00.000,172.80356826747519
2020-04-10 00:00:00.000,170.09510352387568
2020-04-11 00:00:00.000,157.74015800780134
2020-04-12 00:00:00.000,158.32787794181905
2020-04-13 00:00:00.000,158.8638257195104
2020-04-14 00:00:00.000,156.70135879140688
2020-04-15 00:00:00.000,158.26715118298955
2020-04-16 00:00:00.000,153.2228636800284
2020-04-17 00:00:00.000,171.7759907508837
2020-04-18 00:00:00.000,170.445890477055
2020-04-19 00:00:00.000,187.14354411560592
2020-04-20 00:00:00.000,180.05859654051866
2020-04-21 00:00:00.000,170.70405868653958
2020-04-22 00:00:00.000,170.45154288047368
2020-04-23 00:00:00.000,182.2767576620704
2020-04-24 00:00:00.000,184.59370248021838
2020-04-25 00:00:00.000,187.34336861419638
2020-04-26 00:00:00.000,194.11423682570447
2020-04-27 00:00:00.000,197.22990444623989
2020-04-28 00:00:00.000,196.46262535084685
2020-04-29 00:00:00.000,197.15473156634306
2020-04-30 00:00:00.000,215.54817266567386
2020-05-01 00:00:00.000,205.55600541063674
2020-05-02 00:00:00.000,211.96829534904975
2020-05-03 00:00:00.000,213.94301121407548
2020-05-04 00:00:00.000,210.02470947464775
2020-05-05 00:00:00.000,206.8325342346069
2020-05-06 00:00:00.000,205.22517973985205
2020-05-07 00:00:00.000,200.25479450009442
2020-05-08 00:00:00.000,212.29247620086525
2020-05-09 00:00:00.000,211.68904835113835
2020-05-10 00:00:00.000,210.4318181376063
2020-05-11 00:00:00.000,188.13722615896586
2020-05-12 00:00:00.000,185.67471809740294
2020-05-13 00:00:00.000,189.30578181851274
2020-05-14 00:00:00.000,199.36937254304945
2020-05-15 00:00:00.000,203.21124699378416
2020-05-16 00:00:00.000,194.27309778153102
2020-05-17 00:00:00.000,200.58339090310048
2020-05-18 00:00:00.000,206.76889403683904
2020-05-19 00:00:00.000,214.35764164526782
2020-05-20 00:00:00.000,213.68672021176667
2020-05-21 00:00:00.000,209.9207882888633
2020-05-22 00:00:00.000,198.9175157507187
2020-05-23 00:00:00.000,206.22772963994552
2020-05-24 00:00:00.000,206.4112069583191
2020-05-25 00:00:00.000,200.69072858230618
2020-05-26 00:00:00.000,203.81011834234977
2020-05-27 00:00:00.000,200.96361540675866
2020-05-28 00:00:00.000,207.84589389085414
2020-05-29 00:00:00.000,219.59156405880168
2020-05-30 00:00:00.000,220.49116734603788
2020-05-31 00:00:00.000,242.70977026782677
2020-06-01 00:00:00.000,232.33100303896677
2020-06-02 00:00:00.000,248.04456658448655
2020-06-03 00:00:00.000,237.26532012867918
2020-06-04 00:00:00.000,244.1253366100756
2020-06-05 00:00:00.000,243.70782131595863
2020-06-06 00:00:00.000,240.24696898765103
2020-06-07 00:00:00.000,242.02164036721499
2020-06-08 00:00:00.000,244.22674439497985
2020-06-09 00:00:00.000,246.21278326044262
2020-06-10 00:00:00.000,243.8495266518988
2020-06-11 00:00:00.000,247.5419715295243
2020-06-12 00:00:00.000,232.00078536182022
2020-06-13 00:00:00.000,237.59341087744238
2020-06-14 00:00:00.000,238.29362910089247
2020-06-15 00:00:00.000,232.11252047744935
2020-06-16 00:00:00.000,231.0170115525279
2020-06-17 00:00:00.000,235.28847948297147
2020-06-18 00:00:00.000,233.8636184621818
2020-06-19 00:00:00.000,231.68485732135008
2020-06-20 00:00:00.000,228.9592128032193
2020-06-21 00:00:00.000,228.8691487972198
2020-06-22 00:00:00.000,227.79190590968685
2020-06-23 00:00:00.000,243.36470999245498
2020-06-24 00:00:00.000,243.07948223903702
2020-06-25 00:00:00.000,234.5649846444734
2020-06-26 00:00:00.000,232.64870349961575
2020-06-27 00:00:00.000,229.6365260272679
2020-06-28 00:00:00.000,221.0260852973422
2020-06-29 00:00:00.000,225.12294616525017
2020-06-30 00:00:00.000,228.20576377381224
2020-07-01 00:00:00.000,225.59281496891896
2020-07-02 00:00:00.000,230.66194359094902
2020-07-03 00:00:00.000,226.57442434030435
2020-07-04 00:00:00.000,225.1764054804081
2020-07-05 00:00:00.000,229.09471646218861
2020-07-06 00:00:00.000,227.8993750381917
2020-07-07 00:00:00.000,241.52685187431663
2020-07-08 00:00:00.000,238.96448054067793
2020-07-09 00:00:00.000,246.85900786802029
2020-07-10 00:00:00.000,241.97512857897888
2020-07-11 00:00:00.000,240.95495378293265
2020-07-12 00:00:00.000,239.10202554671358
2020-07-13 00:00:00.000,241.7715226007061
2020-07-14 00:00:00.000,239.63878681174097
2020-07-15 00:00:00.000,240.25147066847245
2020-07-16 00:00:00.000,238.66359720631723
2020-07-17 00:00:00.000,233.837074562722
2020-07-18 00:00:00.000,232.78147743826054
2020-07-19 00:00:00.000,235.6811447764246
2020-07-20 00:00:00.000,238.89523167867932
2020-07-21 00:00:00.000,236.06009844538684
2020-07-22 00:00:00.000,245.23373502634252
2020-07-23 00:00:00.000,263.7624639660021
2020-07-24 00:00:00.000,274.7236202591814
2020-07-25 00:00:00.000,279.42705624758224
2020-07-26 00:00:00.000,305.0381394111965
2020-07-27 00:00:00.000,310.51799095173624
2020-07-28 00:00:00.000,320.47619130968184
2020-07-29 00:00:00.000,316.4067660520556
2020-07-30 00:00:00.000,317.5390729161191
2020-07-31 00:00:00.000,334.7419220365616
2020-08-01 00:00:00.000,346.00350607288686
2020-08-02 00:00:00.000,387.94242117124685
2020-08-03 00:00:00.000,370.7323024312388
2020-08-04 00:00:00.000,386.24744771780877
2020-08-05 00:00:00.000,389.3830083498991
2020-08-06 00:00:00.000,400.18436250317995
2020-08-07 00:00:00.000,394.5417454611831
2020-08-08 00:00:00.000,379.1351558498163
2020-08-09 00:00:00.000,391.47843864211467
2020-08-10 00:00:00.000,389.62293111291143
2020-08-11 00:00:00.000,395.20991365718925
2020-08-12 00:00:00.000,379.17476395275435
2020-08-13 00:00:00.000,387.50053082397886
2020-08-14 00:00:00.000,427.49026536796873
2020-08-15 00:00:00.000,438.7625874702974
2020-08-16 00:00:00.000,432.6546652389318
2020-08-17 00:00:00.000,433.43186093211244
2020-08-18 00:00:00.000,430.03250508972275
2020-08-19 00:00:00.000,422.10665286599425
2020-08-20 00:00:00.000,406.5744691821068
2020-08-21 00:00:00.000,416.46977582279794
2020-08-22 00:00:00.000,386.8238914189483
2020-08-23 00:00:00.000,395.88501828908585
2020-08-24 00:00:00.000,390.7891350477376
2020-08-25 00:00:00.000,408.2691456317229
2020-08-26 00:00:00.000,383.66214311829924
2020-08-27 00:00:00.000,385.75249987492117
2020-08-28 00:00:00.000,381.8376513210842
2020-08-29 00:00:00.000,395.1382132386204
2020-08-30 00:00:00.000,399.374543834064
2020-08-31 00:00:00.000,428.2956791635218
2020-09-01 00:00:00.000,435.6930232991007
2020-09-02 00:00:00.000,475.6846642626859
2020-09-03 00:00:00.000,439.35376021531494
2020-09-04 00:00:00.000,383.6915311779978
2020-09-05 00:00:00.000,387.9040290939166
2020-09-06 00:00:00.000,334.46859301354317
2020-09-07 00:00:00.000,352.99300214607035
2020-09-08 00:00:00.000,351.8778602923998
2020-09-09 00:00:00.000,337.84505193506857
2020-09-10 00:00:00.000,351.2322670832359
2020-09-11 00:00:00.000,367.63892881000675
2020-09-12 00:00:00.000,373.9149059897517
2020-09-13 00:00:00.000,387.72351629002264
2020-09-14 00:00:00.000,365.695506306262
2020-09-15 00:00:00.000,376.394561113407
2020-09-16 00:00:00.000,364.6900450860686
2020-09-17 00:00:00.000,365.13055081164816
2020-09-18 00:00:00.000,388.7974562319938
2020-09-19 00:00:00.000,383.17286599152135
2020-09-20 00:00:00.000,385.4721234936851
2020-09-21 00:00:00.000,370.9678951624775
2020-09-22 00:00:00.000,341.27713087183076
2020-09-23 00:00:00.000,343.9175471009491
2020-09-24 00:00:00.000,321.0774351739628
2020-09-25 00:00:00.000,348.8210199785493
2020-09-26 00:00:00.000,351.3315670221176
2020-09-27 00:00:00.000,354.2615819143104
2020-09-28 00:00:00.000,357.0664364067552
2020-09-29 00:00:00.000,354.4295835375506
2020-09-30 00:00:00.000,359.4260895383702
2020-10-01 00:00:00.000,359.59898475085777
2020-10-02 00:00:00.000,353.1978481381707
2020-10-03 00:00:00.000,345.9125682279143
2020-10-04 00:00:00.000,345.99246319342933
2020-10-05 00:00:00.000,352.4588065039611
2020-10-06 00:00:00.000,353.6044273109067
2020-10-07 00:00:00.000,340.6160218128092
2020-10-08 00:00:00.000,341.4437964782809
2020-10-09 00:00:00.000,350.0556765681245
2020-10-10 00:00:00.000,365.33944481939363
2020-10-11 00:00:00.000,370.4718109734285
2020-10-12 00:00:00.000,374.4970150925736
2020-10-13 00:00:00.000,387.25555835657167
2020-10-14 00:00:00.000,381.16877389892255
2020-10-15 00:00:00.000,379.21025376092774
2020-10-16 00:00:00.000,377.15868107868175
2020-10-17 00:00:00.000,365.9906423831468
2020-10-18 00:00:00.000,368.6504703636898
2020-10-19 00:00:00.000,378.0493653237596
2020-10-20 00:00:00.000,379.6394773321801
2020-10-21 00:00:00.000,368.2270142350454
2020-10-22 00:00:00.000,391.16674217757225
2020-10-23 00:00:00.000,413.2018903361906
2020-10-24 00:00:00.000,408.88948864371923
2020-10-25 00:00:00.000,411.95921775305027
2020-10-26 00:00:00.000,406.157094148215
2020-10-27 00:00:00.000,393.38290839224464
2020-10-28 00:00:00.000,403.529837833562
2020-10-29 00:00:00.000,388.87733988207765
2020-10-30 00:00:00.000,386.4460129872924
2020-10-31 00:00:00.000,382.9007710380906
2020-11-01 00:00:00.000,385.8445887975079
2020-11-02 00:00:00.000,394.9363420491719
2020-11-03 00:00:00.000,383.8498034220404
2020-11-04 00:00:00.000,387.616373722075
2020-11-05 00:00:00.000,401.7330968324722
2020-11-06 00:00:00.000,415.9277704309719
2020-11-07 00:00:00.000,454.6515430984697
2020-11-08 00:00:00.000,435.4183540833094
2020-11-09 00:00:00.000,455.3583669721691
2020-11-10 00:00:00.000,445.0512933420698
2020-11-11 00:00:00.000,449.8161845012962
2020-11-12 00:00:00.000,463.18087172032307
2020-11-13 00:00:00.000,462.2056195794902
2020-11-14 00:00:00.000,475.9690936576015
2020-11-15 00:00:00.000,462.7183970607933
2020-11-16 00:00:00.000,449.2068016397434
2020-11-17 00:00:00.000,461.3711967052673
2020-11-18 00:00:00.000,482.1983847235396
2020-11-19 00:00:00.000,479.43766136247405
2020-11-20 00:00:00.000,471.31795839441156
2020-11-21 00:00:00.000,508.79221458524455
2020-11-22 00:00:00.000,548.842116249849
2020-11-23 00:00:00.000,560.5088874583059
2020-11-24 00:00:00.000,608.2733109189421
2020-11-25 00:00:00.000,602.6662623938871
2020-11-26 00:00:00.000,568.2751530404493
2020-11-27 00:00:00.000,518.4670452162002
2020-11-28 00:00:00.000,517.5530264056014
2020-11-29 00:00:00.000,537.3926120944484
2020-11-30 00:00:00.000,574.7511196548439
2020-12-01 00:00:00.000,612.2637856122055
2020-12-02 00:00:00.000,589.5818443540976
2020-12-03 00:00:00.000,598.760610095824
2020-12-04 00:00:00.000,616.506661565682
2020-12-05 00:00:00.000,571.1904316349736
2020-12-06 00:00:00.000,595.9194139680376
2020-12-07 00:00:00.000,601.9689349244918
2020-12-08 00:00:00.000,592.3865066820175
2020-12-09 00:00:00.000,554.329674302381
2020-12-10 00:00:00.000,573.8953091099941
2020-12-11 00:00:00.000,560.4542654076048
2020-12-12 00:00:00.000,545.9828352633687
2020-12-13 00:00:00.000,568.3587534073821
2020-12-14 00:00:00.000,590.3244403029342
2020-12-15 00:00:00.000,585.5418949360015
2020-12-16 00:00:00.000,589.0668316450424
2020-12-17 00:00:00.000,635.9618893796135
2020-12-18 00:00:00.000,644.0652701929779
2020-12-19 00:00:00.000,654.4204162965752
2020-12-20 00:00:00.000,659.3188076372094
2020-12-21 00:00:00.000,639.5154368778184
2020-12-22 00:00:00.000,610.4270278980672
2020-12-23 00:00:00.000,634.9797234431858
2020-12-24 00:00:00.000,587.9588954992439
2020-12-25 00:00:00.000,612.8796570505974
2020-12-26 00:00:00.000,626.4567387784558
2020-12-27 00:00:00.000,636.7423171944997
2020-12-28 00:00:00.000,689.6598573269875
2020-12-29 00:00:00.000,732.9570292975275
2020-12-30 00:00:00.000,735.5908981625738
2020-12-31 00:00:00.000,752.8559324490188
2021-01-01 00:00:00.000,738.6169381520413
2021-01-02 00:00:00.000,730.1473402196374
2021-01-03 00:00:00.000,777.6960653039432
2021-01-04 00:00:00.000,967.0005967288458
2021-01-05 00:00:00.000,1025.6547675669035
2021-01-06 00:00:00.000,1103.3582516225742
2021-01-07 00:00:00.000,1208.5750928728885
2021-01-08 00:00:00.000,1229.4713150147782
2021-01-09 00:00:00.000,1223.7296883535275
2021-01-10 00:00:00.000,1282.979575527323
2021-01-11 00:00:00.000,1267.7310031512136
2021-01-12 00:00:00.000,1092.9143378806064
2021-01-13 00:00:00.000,1045.406815230412
2021-01-14 00:00:00.000,1132.0155910164729
2021-01-15 00:00:00.000,1216.9147884634556
2021-01-16 00:00:00.000,1171.8600177046465
2021-01-17 00:00:00.000,1234.6318700828049
2021-01-18 00:00:00.000,1229.379698072007
2021-01-19 00:00:00.000,1255.976691513213
2021-01-20 00:00:00.000,1383.4840902277115
2021-01-21 00:00:00.000,1385.8529958752583
2021-01-22 00:00:00.000,1122.912432537305
2021-01-23 00:00:00.000,1236.6834427536564
2021-01-24 00:00:00.000,1231.176379704471
2021-01-25 00:00:00.000,1392.5397634449737
2021-01-26 00:00:00.000,1323.4295031020106
2021-01-27 00:00:00.000,1355.233724240999
2021-01-28 00:00:00.000,1253.141671558609
2021-01-29 00:00:00.000,1328.773619066556
2021-01-30 00:00:00.000,1380.2842591352105
2021-01-31 00:00:00.000,1372.427228964234
2021-02-01 00:00:00.000,1317.0474362291777
2021-02-02 00:00:00.000,1368.6644548123775
2021-02-03 00:00:00.000,1514.2251957516528
2021-02-04 00:00:00.000,1661.000824367477
2021-02-05 00:00:00.000,1587.8008991859367
2021-02-06 00:00:00.000,1724.8569083393102
2021-02-07 00:00:00.000,1683.941297865053
2021-02-08 00:00:00.000,1608.6405479857196
2021-02-09 00:00:00.000,1750.997553719215
2021-02-10 00:00:00.000,1769.053533934599
2021-02-11 00:00:00.000,1739.164209004836
2021-02-12 00:00:00.000,1782.5088691218523
2021-02-13 00:00:00.000,1841.1977507032907
2021-02-14 00:00:00.000,1810.8425457323726
2021-02-15 00:00:00.000,1804.9841464366498
2021-02-16 00:00:00.000,1775.758351701864
2021-02-17 00:00:00.000,1782.5753090505934
2021-02-18 00:00:00.000,1845.5739221567521
2021-02-19 00:00:00.000,1938.5694368074617
2021-02-20 00:00:00.000,1969.9797177628186
2021-02-21 00:00:00.000,1929.367692879665
2021-02-22 00:00:00.000,1941.4267676797988
2021-02-23 00:00:00.000,1788.6152102806425
2021-02-24 00:00:00.000,1563.9246059011416
2021-02-25 00:00:00.000,1628.391533792655
2021-02-26 00:00:00.000,1468.8601037286776
2021-02-27 00:00:00.000,1450.988746804119
2021-02-28 00:00:00.000,1480.1295768477528
2021-03-01 00:00:00.000,1416.661552837565
2021-03-02 00:00:00.000,1570.3996896340539
2021-03-03 00:00:00.000,1497.0891042633873
2021-03-04 00:00:00.000,1579.4271687603093
2021-03-05 00:00:00.000,1546.4996211167372
2021-03-06 00:00:00.000,1539.0484290947375
2021-03-07 00:00:00.000,1661.9279698998157
2021-03-08 00:00:00.000,1727.463096224567
2021-03-09 00:00:00.000,1837.5330305439452
